-- MySQL dump 10.13  Distrib 5.7.16, for Linux (x86_64)
--
-- Host: localhost    Database: LetterLove
-- ------------------------------------------------------
-- Server version	5.7.16-0ubuntu0.16.04.1

/*!40101 SET @OLD_CHARACTER_SET_CLIENT=@@CHARACTER_SET_CLIENT */;
/*!40101 SET @OLD_CHARACTER_SET_RESULTS=@@CHARACTER_SET_RESULTS */;
/*!40101 SET @OLD_COLLATION_CONNECTION=@@COLLATION_CONNECTION */;
/*!40101 SET NAMES utf8 */;
/*!40103 SET @OLD_TIME_ZONE=@@TIME_ZONE */;
/*!40103 SET TIME_ZONE='+00:00' */;
/*!40014 SET @OLD_UNIQUE_CHECKS=@@UNIQUE_CHECKS, UNIQUE_CHECKS=0 */;
/*!40014 SET @OLD_FOREIGN_KEY_CHECKS=@@FOREIGN_KEY_CHECKS, FOREIGN_KEY_CHECKS=0 */;
/*!40101 SET @OLD_SQL_MODE=@@SQL_MODE, SQL_MODE='NO_AUTO_VALUE_ON_ZERO' */;
/*!40111 SET @OLD_SQL_NOTES=@@SQL_NOTES, SQL_NOTES=0 */;

--
-- Table structure for table `cards`
--

DROP TABLE IF EXISTS `cards`;
/*!40101 SET @saved_cs_client     = @@character_set_client */;
/*!40101 SET character_set_client = utf8 */;
CREATE TABLE `cards` (
  `id` int(11) NOT NULL AUTO_INCREMENT,
  `title` varchar(50) NOT NULL,
  `quantity` int(11) NOT NULL,
  PRIMARY KEY (`id`)
) ENGINE=InnoDB AUTO_INCREMENT=9 DEFAULT CHARSET=latin1;
/*!40101 SET character_set_client = @saved_cs_client */;

--
-- Dumping data for table `cards`
--

LOCK TABLES `cards` WRITE;
/*!40000 ALTER TABLE `cards` DISABLE KEYS */;
INSERT INTO `cards` VALUES (1,'Guard',5),(2,'Priest',2),(3,'Baron',2),(4,'Handmaid',2),(5,'Prince',2),(6,'King',1),(7,'Countess',1),(8,'Princess',1);
/*!40000 ALTER TABLE `cards` ENABLE KEYS */;
UNLOCK TABLES;

--
-- Table structure for table `games`
--

DROP TABLE IF EXISTS `games`;
/*!40101 SET @saved_cs_client     = @@character_set_client */;
/*!40101 SET character_set_client = utf8 */;
CREATE TABLE `games` (
  `idGame` int(11) NOT NULL AUTO_INCREMENT,
  `player1` int(11) DEFAULT NULL,
  `player2` int(11) DEFAULT NULL,
  `pioche` int(11) NOT NULL,
  `defausse` int(11) NOT NULL,
  `playing` tinyint(1) NOT NULL,
  `player3` int(11) DEFAULT NULL,
  `player4` int(11) DEFAULT NULL,
  `carteDefaussee` int(11) NOT NULL,
  `tourPlayer` int(11) DEFAULT NULL,
  `finished` tinyint(1) NOT NULL DEFAULT '0',
  PRIMARY KEY (`idGame`),
  KEY `party_fk_player1` (`player1`),
  KEY `party_fk_player2` (`player2`),
  KEY `party_fk_pioche` (`pioche`),
  KEY `party_fk_defausse` (`defausse`),
  KEY `party_fk_player3` (`player3`),
  KEY `party_fk_player4` (`player4`),
  KEY `party_fk_carteDefaussee` (`carteDefaussee`),
  KEY `party_fk_tourPlayer` (`tourPlayer`),
  CONSTRAINT `party_fk_carteDefaussee` FOREIGN KEY (`carteDefaussee`) REFERENCES `cards` (`id`),
  CONSTRAINT `party_fk_defausse` FOREIGN KEY (`defausse`) REFERENCES `piles` (`idPile`),
  CONSTRAINT `party_fk_pioche` FOREIGN KEY (`pioche`) REFERENCES `piles` (`idPile`),
  CONSTRAINT `party_fk_player1` FOREIGN KEY (`player1`) REFERENCES `players` (`idPlayer`),
  CONSTRAINT `party_fk_player2` FOREIGN KEY (`player2`) REFERENCES `players` (`idPlayer`),
  CONSTRAINT `party_fk_player3` FOREIGN KEY (`player3`) REFERENCES `players` (`idPlayer`),
  CONSTRAINT `party_fk_player4` FOREIGN KEY (`player4`) REFERENCES `players` (`idPlayer`),
  CONSTRAINT `party_fk_tourPlayer` FOREIGN KEY (`tourPlayer`) REFERENCES `players` (`idPlayer`)
) ENGINE=InnoDB AUTO_INCREMENT=72 DEFAULT CHARSET=latin1;
/*!40101 SET character_set_client = @saved_cs_client */;

--
-- Dumping data for table `games`
--

LOCK TABLES `games` WRITE;
/*!40000 ALTER TABLE `games` DISABLE KEYS */;
INSERT INTO `games` VALUES (68,2,5,173,174,1,NULL,NULL,1,2,1),(69,5,2,177,178,1,NULL,NULL,8,2,1),(71,3,2,185,186,1,NULL,NULL,1,3,0);
/*!40000 ALTER TABLE `games` ENABLE KEYS */;
UNLOCK TABLES;

--
-- Table structure for table `hands`
--

DROP TABLE IF EXISTS `hands`;
/*!40101 SET @saved_cs_client     = @@character_set_client */;
/*!40101 SET character_set_client = utf8 */;
CREATE TABLE `hands` (
  `idHand` int(11) NOT NULL AUTO_INCREMENT,
  `card1` int(11) DEFAULT NULL,
  `card2` int(11) DEFAULT NULL,
  `idPlayer` int(11) NOT NULL,
  PRIMARY KEY (`idHand`),
  KEY `fk_card1` (`card1`),
  KEY `fk_card2` (`card2`),
  KEY `fk_idPlayer` (`idPlayer`),
  CONSTRAINT `fk_card1` FOREIGN KEY (`card1`) REFERENCES `cards` (`id`),
  CONSTRAINT `fk_card2` FOREIGN KEY (`card2`) REFERENCES `cards` (`id`),
  CONSTRAINT `fk_idPlayer` FOREIGN KEY (`idPlayer`) REFERENCES `players` (`idPlayer`)
) ENGINE=InnoDB AUTO_INCREMENT=105 DEFAULT CHARSET=latin1;
/*!40101 SET character_set_client = @saved_cs_client */;

--
-- Dumping data for table `hands`
--

LOCK TABLES `hands` WRITE;
/*!40000 ALTER TABLE `hands` DISABLE KEYS */;
INSERT INTO `hands` VALUES (11,NULL,NULL,2),(12,NULL,NULL,3),(13,NULL,NULL,4),(14,NULL,NULL,5),(15,NULL,NULL,2),(16,NULL,NULL,2),(17,NULL,NULL,2),(18,NULL,NULL,2),(19,NULL,NULL,2),(20,NULL,NULL,2),(21,2,NULL,2),(22,1,3,2),(23,NULL,NULL,2),(24,NULL,NULL,3),(25,NULL,NULL,2),(26,NULL,NULL,3),(27,NULL,NULL,2),(28,NULL,NULL,3),(29,NULL,NULL,2),(30,NULL,NULL,3),(31,NULL,NULL,3),(32,NULL,NULL,4),(33,4,NULL,2),(34,NULL,NULL,3),(35,3,NULL,2),(36,NULL,NULL,3),(37,4,5,2),(38,NULL,NULL,4),(39,5,6,2),(40,NULL,NULL,3),(41,2,NULL,2),(42,NULL,NULL,3),(43,3,NULL,2),(44,NULL,NULL,3),(45,7,NULL,3),(46,NULL,NULL,5),(47,1,NULL,2),(48,NULL,NULL,5),(49,NULL,NULL,3),(50,1,NULL,2),(51,NULL,NULL,5),(52,6,NULL,2),(53,NULL,NULL,5),(54,NULL,NULL,3),(55,5,NULL,2),(56,NULL,NULL,5),(57,NULL,NULL,3),(58,6,1,2),(59,NULL,NULL,3),(60,NULL,NULL,4),(61,4,4,2),(62,3,NULL,3),(63,1,NULL,5),(64,NULL,NULL,2),(65,6,NULL,5),(66,1,NULL,3),(67,3,NULL,4),(68,3,NULL,2),(69,NULL,NULL,5),(70,2,2,2),(71,3,NULL,3),(72,4,1,2),(73,NULL,NULL,3),(74,1,NULL,2),(75,NULL,NULL,4),(76,2,3,3),(77,2,3,2),(78,4,NULL,5),(79,1,NULL,3),(80,5,1,2),(81,8,NULL,3),(82,2,NULL,5),(83,7,NULL,2),(84,6,NULL,5),(85,4,3,3),(86,4,NULL,4),(87,1,NULL,2),(88,4,NULL,5),(89,1,NULL,3),(90,NULL,NULL,4),(91,NULL,5,2),(92,NULL,4,3),(93,6,NULL,2),(94,NULL,5,5),(95,NULL,NULL,2),(96,NULL,NULL,2),(97,NULL,4,2),(98,NULL,3,5),(99,NULL,7,5),(100,4,1,2),(101,1,6,5),(102,NULL,4,2),(103,4,5,3),(104,NULL,1,2);
/*!40000 ALTER TABLE `hands` ENABLE KEYS */;
UNLOCK TABLES;

--
-- Table structure for table `piles`
--

DROP TABLE IF EXISTS `piles`;
/*!40101 SET @saved_cs_client     = @@character_set_client */;
/*!40101 SET character_set_client = utf8 */;
CREATE TABLE `piles` (
  `idPile` int(11) NOT NULL AUTO_INCREMENT,
  `card1` int(11) DEFAULT NULL,
  `card2` int(11) DEFAULT NULL,
  `card3` int(11) DEFAULT NULL,
  `card4` int(11) DEFAULT NULL,
  `card5` int(11) DEFAULT NULL,
  `card6` int(11) DEFAULT NULL,
  `card7` int(11) DEFAULT NULL,
  `card8` int(11) DEFAULT NULL,
  `card9` int(11) DEFAULT NULL,
  `card10` int(11) DEFAULT NULL,
  `card11` int(11) DEFAULT NULL,
  `card12` int(11) DEFAULT NULL,
  `card13` int(11) DEFAULT NULL,
  `card14` int(11) DEFAULT NULL,
  `card15` int(11) DEFAULT NULL,
  `card16` int(11) DEFAULT NULL,
  `type` varchar(20) DEFAULT NULL,
  PRIMARY KEY (`idPile`),
  KEY `pile_fk_card1` (`card1`),
  KEY `pile_fk_card2` (`card2`),
  KEY `pile_fk_card3` (`card3`),
  KEY `pile_fk_card4` (`card4`),
  KEY `pile_fk_card5` (`card5`),
  KEY `pile_fk_card6` (`card6`),
  KEY `pile_fk_card7` (`card7`),
  KEY `pile_fk_card8` (`card8`),
  KEY `pile_fk_card9` (`card9`),
  KEY `pile_fk_card10` (`card10`),
  KEY `pile_fk_card11` (`card11`),
  KEY `pile_fk_card12` (`card12`),
  KEY `pile_fk_card13` (`card13`),
  KEY `pile_fk_card14` (`card14`),
  KEY `pile_fk_card15` (`card15`),
  KEY `pile_fk_card16` (`card16`),
  CONSTRAINT `pile_fk_card1` FOREIGN KEY (`card1`) REFERENCES `cards` (`id`),
  CONSTRAINT `pile_fk_card10` FOREIGN KEY (`card10`) REFERENCES `cards` (`id`),
  CONSTRAINT `pile_fk_card11` FOREIGN KEY (`card11`) REFERENCES `cards` (`id`),
  CONSTRAINT `pile_fk_card12` FOREIGN KEY (`card12`) REFERENCES `cards` (`id`),
  CONSTRAINT `pile_fk_card13` FOREIGN KEY (`card13`) REFERENCES `cards` (`id`),
  CONSTRAINT `pile_fk_card14` FOREIGN KEY (`card14`) REFERENCES `cards` (`id`),
  CONSTRAINT `pile_fk_card15` FOREIGN KEY (`card15`) REFERENCES `cards` (`id`),
  CONSTRAINT `pile_fk_card16` FOREIGN KEY (`card16`) REFERENCES `cards` (`id`),
  CONSTRAINT `pile_fk_card2` FOREIGN KEY (`card2`) REFERENCES `cards` (`id`),
  CONSTRAINT `pile_fk_card3` FOREIGN KEY (`card3`) REFERENCES `cards` (`id`),
  CONSTRAINT `pile_fk_card4` FOREIGN KEY (`card4`) REFERENCES `cards` (`id`),
  CONSTRAINT `pile_fk_card5` FOREIGN KEY (`card5`) REFERENCES `cards` (`id`),
  CONSTRAINT `pile_fk_card6` FOREIGN KEY (`card6`) REFERENCES `cards` (`id`),
  CONSTRAINT `pile_fk_card7` FOREIGN KEY (`card7`) REFERENCES `cards` (`id`),
  CONSTRAINT `pile_fk_card8` FOREIGN KEY (`card8`) REFERENCES `cards` (`id`),
  CONSTRAINT `pile_fk_card9` FOREIGN KEY (`card9`) REFERENCES `cards` (`id`)
) ENGINE=InnoDB AUTO_INCREMENT=189 DEFAULT CHARSET=latin1;
/*!40101 SET character_set_client = @saved_cs_client */;

--
-- Dumping data for table `piles`
--

LOCK TABLES `piles` WRITE;
/*!40000 ALTER TABLE `piles` DISABLE KEYS */;
INSERT INTO `piles` VALUES (1,NULL,NULL,NULL,NULL,1,6,1,3,8,2,4,1,4,5,7,1,'pioche'),(2,2,NULL,NULL,NULL,NULL,NULL,NULL,NULL,NULL,NULL,NULL,NULL,NULL,NULL,NULL,NULL,'defausse'),(3,NULL,7,8,1,1,2,4,1,1,5,4,3,2,3,1,5,'pioche'),(4,6,NULL,NULL,NULL,NULL,NULL,NULL,NULL,NULL,NULL,NULL,NULL,NULL,NULL,NULL,NULL,'defausse'),(5,NULL,8,2,7,5,4,1,3,3,5,1,4,1,1,6,1,'pioche'),(6,2,NULL,NULL,NULL,NULL,NULL,NULL,NULL,NULL,NULL,NULL,NULL,NULL,NULL,NULL,NULL,'defausse'),(7,NULL,3,8,5,5,1,6,2,1,1,4,2,4,7,1,1,'pioche'),(8,NULL,NULL,NULL,NULL,NULL,NULL,NULL,NULL,NULL,NULL,NULL,NULL,NULL,NULL,NULL,3,'defausse'),(9,NULL,1,6,5,1,3,8,2,4,4,1,3,2,5,1,7,'pioche'),(10,NULL,NULL,NULL,NULL,NULL,NULL,NULL,NULL,NULL,NULL,NULL,NULL,NULL,NULL,NULL,1,'defausse'),(11,NULL,1,4,1,2,4,7,8,1,6,3,1,5,3,1,2,'pioche'),(12,NULL,NULL,NULL,NULL,NULL,NULL,NULL,NULL,NULL,NULL,NULL,NULL,NULL,NULL,NULL,5,'defausse'),(13,NULL,2,6,4,4,7,1,5,2,1,3,1,1,5,1,3,'pioche'),(14,NULL,NULL,NULL,NULL,NULL,NULL,NULL,NULL,NULL,NULL,NULL,NULL,NULL,NULL,NULL,8,'defausse'),(15,NULL,4,1,5,6,1,2,8,3,2,7,3,4,5,1,1,'pioche'),(16,NULL,NULL,NULL,NULL,NULL,NULL,NULL,NULL,NULL,NULL,NULL,NULL,NULL,NULL,NULL,1,'defausse'),(17,NULL,1,4,2,8,5,7,1,1,4,6,3,1,1,2,3,'pioche'),(18,NULL,NULL,NULL,NULL,NULL,NULL,NULL,NULL,NULL,NULL,NULL,NULL,NULL,NULL,NULL,5,'defausse'),(19,NULL,5,4,1,2,5,1,2,1,6,3,8,1,4,7,3,'pioche'),(20,NULL,NULL,NULL,NULL,NULL,NULL,NULL,NULL,NULL,NULL,NULL,NULL,NULL,NULL,NULL,NULL,'defausse'),(21,NULL,2,2,1,4,3,6,1,1,7,8,1,1,4,3,5,'pioche'),(22,NULL,NULL,NULL,NULL,NULL,NULL,NULL,NULL,NULL,NULL,NULL,NULL,NULL,NULL,NULL,NULL,'defausse'),(23,NULL,8,7,5,6,1,3,4,1,1,3,5,2,4,2,1,'pioche'),(24,NULL,NULL,NULL,NULL,NULL,NULL,NULL,NULL,NULL,NULL,NULL,NULL,NULL,NULL,NULL,NULL,'defausse'),(25,NULL,NULL,NULL,NULL,NULL,NULL,NULL,NULL,NULL,NULL,NULL,NULL,NULL,NULL,NULL,NULL,'pioche'),(26,NULL,NULL,NULL,NULL,NULL,NULL,NULL,NULL,NULL,NULL,NULL,NULL,NULL,NULL,NULL,NULL,'defausse'),(27,NULL,NULL,NULL,NULL,NULL,NULL,NULL,NULL,NULL,NULL,NULL,NULL,6,1,5,2,'pioche'),(28,NULL,NULL,NULL,NULL,NULL,NULL,NULL,NULL,NULL,NULL,NULL,NULL,NULL,NULL,NULL,NULL,'defausse'),(29,NULL,NULL,NULL,NULL,NULL,NULL,NULL,NULL,NULL,NULL,NULL,NULL,NULL,NULL,NULL,NULL,'pioche'),(30,NULL,NULL,NULL,NULL,NULL,NULL,NULL,NULL,NULL,NULL,NULL,NULL,NULL,NULL,NULL,5,'defausse'),(31,NULL,NULL,NULL,NULL,NULL,NULL,NULL,NULL,NULL,NULL,NULL,NULL,NULL,NULL,NULL,NULL,'pioche'),(32,NULL,NULL,NULL,NULL,NULL,NULL,NULL,NULL,NULL,NULL,NULL,NULL,NULL,NULL,NULL,NULL,'defausse'),(33,NULL,NULL,NULL,NULL,NULL,NULL,NULL,NULL,NULL,NULL,NULL,NULL,NULL,NULL,NULL,NULL,'defausse'),(34,NULL,1,5,2,7,2,8,6,4,3,1,1,5,4,1,1,'pioche'),(35,NULL,NULL,NULL,NULL,NULL,NULL,NULL,NULL,NULL,NULL,NULL,NULL,NULL,NULL,NULL,NULL,'defausse'),(36,NULL,NULL,NULL,NULL,NULL,NULL,NULL,NULL,NULL,NULL,NULL,NULL,NULL,NULL,NULL,NULL,'defausse'),(37,NULL,NULL,NULL,NULL,NULL,NULL,NULL,NULL,NULL,NULL,NULL,NULL,NULL,NULL,NULL,NULL,'defausse'),(38,NULL,NULL,NULL,NULL,NULL,NULL,NULL,NULL,NULL,NULL,NULL,NULL,NULL,NULL,NULL,NULL,'defausse'),(39,NULL,NULL,4,2,8,3,5,7,1,3,6,1,1,5,2,4,'pioche'),(40,NULL,NULL,NULL,NULL,NULL,NULL,NULL,NULL,NULL,NULL,NULL,NULL,NULL,NULL,NULL,1,'defausse'),(41,NULL,NULL,NULL,NULL,NULL,NULL,NULL,NULL,NULL,NULL,NULL,NULL,NULL,NULL,NULL,NULL,'defausse'),(42,NULL,NULL,NULL,NULL,NULL,NULL,NULL,NULL,NULL,NULL,NULL,NULL,NULL,NULL,NULL,NULL,'defausse'),(43,NULL,NULL,4,1,1,7,3,5,1,4,2,6,3,1,2,1,'pioche'),(44,NULL,NULL,NULL,NULL,NULL,NULL,NULL,NULL,NULL,NULL,NULL,NULL,NULL,NULL,NULL,8,'defausse'),(45,NULL,NULL,NULL,NULL,NULL,NULL,NULL,NULL,NULL,NULL,NULL,NULL,NULL,NULL,NULL,NULL,'defausse'),(46,NULL,NULL,NULL,NULL,NULL,NULL,NULL,NULL,NULL,NULL,NULL,NULL,NULL,NULL,NULL,NULL,'defausse'),(47,NULL,NULL,1,4,7,2,3,2,5,8,1,1,4,3,6,1,'pioche'),(48,NULL,NULL,NULL,NULL,NULL,NULL,NULL,NULL,NULL,NULL,NULL,NULL,NULL,NULL,NULL,1,'defausse'),(49,NULL,NULL,NULL,NULL,NULL,NULL,NULL,NULL,NULL,NULL,NULL,NULL,NULL,NULL,NULL,NULL,'defausse'),(50,NULL,NULL,NULL,NULL,NULL,NULL,NULL,NULL,NULL,NULL,NULL,NULL,NULL,NULL,NULL,NULL,'defausse'),(51,NULL,NULL,3,1,1,7,2,8,5,4,1,5,1,1,3,6,'pioche'),(52,NULL,NULL,NULL,NULL,NULL,NULL,NULL,NULL,NULL,NULL,NULL,NULL,NULL,NULL,NULL,4,'defausse'),(53,NULL,NULL,NULL,NULL,NULL,NULL,NULL,NULL,NULL,NULL,NULL,NULL,NULL,NULL,NULL,NULL,'defausse'),(54,NULL,NULL,NULL,NULL,NULL,NULL,NULL,NULL,NULL,NULL,NULL,NULL,NULL,NULL,NULL,NULL,'defausse'),(55,NULL,NULL,2,5,5,1,7,1,1,1,2,4,3,6,8,3,'pioche'),(56,NULL,NULL,NULL,NULL,NULL,NULL,NULL,NULL,NULL,NULL,NULL,NULL,NULL,NULL,NULL,1,'defausse'),(57,NULL,NULL,NULL,NULL,NULL,NULL,NULL,NULL,NULL,NULL,NULL,NULL,NULL,NULL,NULL,NULL,'defausse'),(58,NULL,NULL,NULL,NULL,NULL,NULL,NULL,NULL,NULL,NULL,NULL,NULL,NULL,NULL,NULL,NULL,'defausse'),(59,NULL,NULL,NULL,NULL,NULL,5,1,6,1,2,3,1,1,1,3,7,'pioche'),(60,NULL,NULL,NULL,NULL,NULL,NULL,NULL,NULL,NULL,NULL,NULL,NULL,NULL,5,8,4,'defausse'),(61,NULL,NULL,NULL,NULL,NULL,NULL,NULL,NULL,NULL,NULL,NULL,NULL,NULL,NULL,NULL,NULL,'defausse'),(62,NULL,NULL,NULL,NULL,NULL,NULL,NULL,NULL,NULL,NULL,NULL,NULL,NULL,NULL,NULL,NULL,'defausse'),(63,NULL,NULL,NULL,NULL,NULL,1,4,1,5,2,8,1,4,2,5,3,'pioche'),(64,NULL,NULL,NULL,NULL,NULL,NULL,NULL,NULL,NULL,NULL,NULL,NULL,NULL,7,6,1,'defausse'),(65,NULL,NULL,NULL,NULL,NULL,NULL,NULL,NULL,NULL,NULL,NULL,NULL,NULL,NULL,NULL,NULL,'defausse'),(66,NULL,NULL,NULL,NULL,NULL,NULL,NULL,NULL,NULL,NULL,NULL,NULL,NULL,NULL,NULL,NULL,'defausse'),(67,NULL,NULL,NULL,NULL,NULL,NULL,NULL,7,1,1,8,1,5,1,3,3,'pioche'),(68,NULL,NULL,NULL,NULL,NULL,NULL,NULL,NULL,NULL,NULL,NULL,NULL,NULL,6,2,2,'defausse'),(69,NULL,NULL,NULL,NULL,NULL,NULL,NULL,NULL,NULL,NULL,NULL,NULL,NULL,NULL,NULL,NULL,'defausse'),(70,NULL,NULL,NULL,NULL,NULL,NULL,NULL,NULL,NULL,NULL,NULL,NULL,NULL,NULL,NULL,NULL,'defausse'),(71,NULL,NULL,NULL,NULL,NULL,NULL,7,4,2,1,2,3,3,1,1,1,'pioche'),(72,NULL,NULL,NULL,NULL,NULL,NULL,NULL,NULL,NULL,NULL,NULL,NULL,NULL,1,4,8,'defausse'),(73,NULL,NULL,NULL,NULL,NULL,NULL,NULL,NULL,NULL,NULL,NULL,NULL,NULL,NULL,NULL,NULL,'defausse'),(74,NULL,NULL,NULL,NULL,NULL,NULL,NULL,NULL,NULL,NULL,NULL,NULL,NULL,NULL,NULL,NULL,'defausse'),(75,NULL,NULL,NULL,NULL,NULL,NULL,NULL,NULL,NULL,NULL,NULL,NULL,NULL,NULL,NULL,NULL,'pioche'),(76,NULL,NULL,NULL,NULL,NULL,NULL,NULL,NULL,NULL,NULL,NULL,NULL,NULL,4,1,2,'defausse'),(77,NULL,NULL,NULL,NULL,NULL,NULL,NULL,NULL,NULL,NULL,NULL,NULL,NULL,NULL,NULL,NULL,'defausse'),(78,NULL,NULL,NULL,NULL,NULL,NULL,NULL,NULL,NULL,NULL,NULL,NULL,NULL,NULL,NULL,NULL,'defausse'),(79,NULL,NULL,NULL,NULL,NULL,NULL,NULL,NULL,NULL,NULL,NULL,NULL,NULL,NULL,NULL,NULL,'pioche'),(80,NULL,NULL,NULL,NULL,NULL,NULL,NULL,NULL,NULL,NULL,NULL,NULL,NULL,1,1,2,'defausse'),(81,NULL,NULL,NULL,NULL,NULL,NULL,NULL,NULL,NULL,NULL,NULL,NULL,NULL,NULL,NULL,NULL,'defausse'),(82,NULL,NULL,NULL,NULL,NULL,NULL,NULL,NULL,NULL,NULL,NULL,NULL,NULL,NULL,NULL,NULL,'defausse'),(83,NULL,NULL,NULL,NULL,NULL,1,5,6,4,4,1,3,5,1,1,3,'pioche'),(84,NULL,NULL,NULL,NULL,NULL,NULL,NULL,NULL,NULL,NULL,NULL,NULL,NULL,2,1,8,'defausse'),(85,NULL,NULL,NULL,NULL,NULL,NULL,NULL,NULL,NULL,NULL,NULL,NULL,NULL,NULL,NULL,NULL,'defausse'),(86,NULL,NULL,NULL,NULL,NULL,NULL,NULL,NULL,NULL,NULL,NULL,NULL,NULL,NULL,NULL,NULL,'defausse'),(87,NULL,NULL,NULL,NULL,NULL,4,1,2,3,1,1,4,8,6,3,5,'pioche'),(88,NULL,NULL,NULL,NULL,NULL,NULL,NULL,NULL,NULL,NULL,NULL,NULL,NULL,7,2,5,'defausse'),(89,NULL,NULL,NULL,NULL,NULL,NULL,NULL,NULL,NULL,NULL,NULL,NULL,NULL,NULL,NULL,NULL,'defausse'),(90,NULL,NULL,NULL,NULL,NULL,NULL,NULL,NULL,NULL,NULL,NULL,NULL,NULL,NULL,NULL,NULL,'defausse'),(91,NULL,NULL,NULL,NULL,NULL,NULL,NULL,NULL,NULL,NULL,NULL,NULL,NULL,NULL,NULL,NULL,'defausse'),(92,NULL,NULL,NULL,NULL,NULL,6,5,1,1,8,4,3,1,7,3,4,'pioche'),(93,NULL,NULL,NULL,NULL,NULL,NULL,NULL,NULL,NULL,NULL,NULL,NULL,NULL,2,5,1,'defausse'),(94,NULL,NULL,NULL,NULL,NULL,NULL,NULL,NULL,NULL,NULL,NULL,NULL,NULL,NULL,NULL,NULL,'defausse'),(95,NULL,NULL,NULL,NULL,NULL,NULL,NULL,NULL,NULL,NULL,NULL,NULL,NULL,NULL,NULL,NULL,'defausse'),(96,NULL,NULL,NULL,NULL,NULL,1,4,1,2,3,2,7,1,8,3,5,'pioche'),(97,NULL,NULL,NULL,NULL,NULL,NULL,NULL,NULL,NULL,NULL,NULL,NULL,NULL,1,1,4,'defausse'),(98,NULL,NULL,NULL,NULL,NULL,NULL,NULL,NULL,NULL,NULL,NULL,NULL,NULL,NULL,NULL,NULL,'defausse'),(99,NULL,NULL,NULL,NULL,NULL,NULL,NULL,NULL,NULL,NULL,NULL,NULL,NULL,NULL,NULL,NULL,'defausse'),(100,NULL,NULL,NULL,NULL,NULL,NULL,NULL,NULL,NULL,NULL,NULL,NULL,NULL,NULL,NULL,NULL,'defausse'),(101,NULL,NULL,NULL,NULL,NULL,2,6,1,1,1,5,3,1,2,4,7,'pioche'),(102,NULL,NULL,NULL,NULL,NULL,NULL,NULL,NULL,NULL,NULL,NULL,NULL,NULL,1,8,3,'defausse'),(103,NULL,NULL,NULL,NULL,NULL,NULL,NULL,NULL,NULL,NULL,NULL,NULL,NULL,NULL,NULL,NULL,'defausse'),(104,NULL,NULL,NULL,NULL,NULL,NULL,NULL,NULL,NULL,NULL,NULL,NULL,NULL,NULL,NULL,NULL,'defausse'),(105,NULL,NULL,NULL,NULL,NULL,NULL,NULL,NULL,NULL,NULL,NULL,NULL,NULL,NULL,NULL,NULL,'defausse'),(106,NULL,NULL,NULL,NULL,NULL,NULL,1,4,4,8,3,1,7,2,5,3,'pioche'),(107,NULL,NULL,NULL,NULL,NULL,NULL,NULL,NULL,NULL,NULL,NULL,NULL,NULL,NULL,NULL,NULL,'defausse'),(108,NULL,NULL,NULL,NULL,NULL,NULL,NULL,NULL,NULL,NULL,NULL,NULL,NULL,NULL,NULL,NULL,'defausse'),(109,NULL,NULL,NULL,NULL,NULL,NULL,NULL,NULL,NULL,NULL,NULL,NULL,NULL,NULL,NULL,NULL,'defausse'),(110,NULL,NULL,NULL,NULL,NULL,NULL,NULL,NULL,NULL,NULL,NULL,NULL,NULL,NULL,NULL,NULL,'defausse'),(111,NULL,NULL,NULL,NULL,NULL,1,2,2,7,3,1,5,1,1,6,8,'pioche'),(112,NULL,NULL,NULL,NULL,NULL,NULL,NULL,NULL,NULL,NULL,NULL,NULL,NULL,NULL,NULL,NULL,'defausse'),(113,NULL,NULL,NULL,NULL,NULL,NULL,NULL,NULL,NULL,NULL,NULL,NULL,NULL,NULL,NULL,NULL,'defausse'),(114,NULL,NULL,NULL,NULL,NULL,NULL,NULL,NULL,NULL,NULL,NULL,NULL,NULL,NULL,NULL,NULL,'defausse'),(115,NULL,NULL,NULL,NULL,NULL,NULL,NULL,NULL,NULL,NULL,NULL,NULL,NULL,NULL,NULL,NULL,'defausse'),(116,NULL,NULL,NULL,NULL,NULL,NULL,NULL,NULL,NULL,NULL,1,1,2,8,1,4,'pioche'),(117,NULL,NULL,NULL,NULL,NULL,NULL,NULL,NULL,NULL,NULL,NULL,NULL,NULL,NULL,NULL,NULL,'defausse'),(118,NULL,NULL,NULL,7,5,1,2,4,2,4,4,4,4,4,4,4,'defausse'),(119,NULL,NULL,NULL,NULL,NULL,NULL,NULL,NULL,NULL,NULL,NULL,NULL,NULL,NULL,NULL,NULL,'defausse'),(120,NULL,NULL,NULL,NULL,NULL,NULL,NULL,NULL,NULL,NULL,NULL,NULL,NULL,NULL,NULL,NULL,'defausse'),(121,NULL,NULL,NULL,NULL,NULL,NULL,NULL,NULL,NULL,NULL,NULL,NULL,NULL,NULL,NULL,NULL,'defausse'),(122,NULL,NULL,NULL,NULL,NULL,NULL,NULL,NULL,NULL,NULL,NULL,NULL,NULL,1,1,5,'pioche'),(123,NULL,NULL,NULL,NULL,NULL,NULL,NULL,NULL,NULL,NULL,NULL,NULL,NULL,1,4,7,'defausse'),(124,NULL,NULL,NULL,NULL,NULL,NULL,8,1,2,4,3,5,6,2,4,7,'defausse'),(125,NULL,NULL,NULL,NULL,NULL,NULL,NULL,NULL,NULL,NULL,NULL,NULL,NULL,NULL,NULL,NULL,'defausse'),(126,NULL,NULL,NULL,NULL,NULL,NULL,NULL,1,1,6,4,1,1,5,8,4,'pioche'),(127,NULL,NULL,NULL,NULL,NULL,NULL,NULL,NULL,NULL,NULL,NULL,NULL,NULL,5,3,2,'defausse'),(128,NULL,NULL,NULL,NULL,NULL,NULL,NULL,NULL,NULL,NULL,NULL,NULL,NULL,NULL,1,3,'defausse'),(129,NULL,NULL,NULL,NULL,NULL,NULL,NULL,NULL,NULL,NULL,NULL,NULL,NULL,NULL,NULL,NULL,'defausse'),(130,NULL,NULL,NULL,NULL,1,2,5,1,6,1,5,2,3,4,7,1,'pioche'),(131,NULL,NULL,NULL,NULL,NULL,NULL,NULL,NULL,NULL,NULL,NULL,NULL,NULL,3,1,4,'defausse'),(132,NULL,NULL,NULL,NULL,NULL,NULL,NULL,NULL,NULL,NULL,NULL,NULL,NULL,NULL,NULL,NULL,'defausse'),(133,NULL,NULL,NULL,NULL,NULL,NULL,NULL,NULL,NULL,NULL,NULL,NULL,NULL,NULL,NULL,NULL,'defausse'),(134,NULL,NULL,NULL,NULL,8,1,4,7,1,5,2,6,5,4,1,3,'pioche'),(135,NULL,NULL,NULL,NULL,NULL,NULL,NULL,NULL,NULL,NULL,NULL,NULL,NULL,NULL,NULL,NULL,'defausse'),(136,NULL,NULL,NULL,NULL,NULL,NULL,NULL,NULL,NULL,NULL,NULL,NULL,NULL,NULL,NULL,NULL,'defausse'),(137,NULL,NULL,NULL,NULL,NULL,NULL,NULL,NULL,NULL,NULL,NULL,NULL,NULL,NULL,NULL,NULL,'defausse'),(138,NULL,NULL,NULL,NULL,NULL,NULL,NULL,NULL,NULL,NULL,NULL,NULL,NULL,NULL,NULL,NULL,'defausse'),(139,NULL,NULL,NULL,NULL,NULL,1,8,5,5,4,7,1,1,1,2,3,'pioche'),(140,NULL,NULL,NULL,NULL,NULL,NULL,NULL,NULL,NULL,NULL,NULL,NULL,NULL,NULL,NULL,NULL,'defausse'),(141,NULL,NULL,NULL,NULL,NULL,NULL,NULL,NULL,NULL,NULL,NULL,NULL,NULL,NULL,NULL,NULL,'defausse'),(142,NULL,NULL,NULL,NULL,NULL,NULL,NULL,NULL,NULL,NULL,NULL,NULL,NULL,NULL,NULL,NULL,'defausse'),(143,NULL,NULL,NULL,NULL,NULL,NULL,NULL,NULL,NULL,NULL,NULL,NULL,NULL,NULL,NULL,NULL,'defausse'),(144,NULL,NULL,NULL,NULL,NULL,2,7,1,3,5,6,1,4,3,4,1,'pioche'),(145,NULL,NULL,NULL,NULL,NULL,NULL,NULL,NULL,NULL,NULL,NULL,NULL,NULL,NULL,NULL,NULL,'defausse'),(146,NULL,NULL,NULL,NULL,NULL,NULL,NULL,NULL,NULL,NULL,NULL,NULL,NULL,NULL,NULL,NULL,'defausse'),(147,NULL,NULL,NULL,NULL,NULL,NULL,NULL,NULL,NULL,NULL,NULL,NULL,NULL,NULL,NULL,NULL,'defausse'),(148,NULL,NULL,NULL,NULL,NULL,NULL,NULL,NULL,NULL,NULL,NULL,NULL,NULL,NULL,NULL,NULL,'defausse'),(149,NULL,NULL,NULL,NULL,NULL,NULL,1,1,2,5,8,2,5,1,1,3,'pioche'),(150,NULL,NULL,NULL,NULL,NULL,NULL,NULL,NULL,NULL,NULL,NULL,NULL,NULL,NULL,NULL,NULL,'defausse'),(151,NULL,NULL,NULL,NULL,NULL,NULL,NULL,NULL,NULL,NULL,NULL,NULL,NULL,NULL,NULL,NULL,'defausse'),(152,NULL,NULL,NULL,NULL,NULL,NULL,NULL,NULL,NULL,NULL,NULL,NULL,NULL,NULL,NULL,NULL,'defausse'),(153,NULL,NULL,NULL,NULL,NULL,NULL,NULL,NULL,NULL,NULL,NULL,NULL,NULL,NULL,NULL,NULL,'defausse'),(154,NULL,NULL,NULL,NULL,NULL,NULL,NULL,NULL,NULL,NULL,NULL,NULL,NULL,NULL,NULL,NULL,'defausse'),(155,NULL,NULL,NULL,NULL,NULL,NULL,NULL,NULL,NULL,NULL,NULL,6,8,2,2,3,'pioche'),(156,NULL,NULL,NULL,NULL,NULL,NULL,NULL,NULL,NULL,NULL,NULL,NULL,NULL,NULL,NULL,NULL,'defausse'),(157,NULL,NULL,NULL,NULL,NULL,NULL,NULL,NULL,NULL,NULL,1,4,5,5,7,1,'defausse'),(158,NULL,NULL,NULL,NULL,NULL,NULL,NULL,NULL,NULL,NULL,NULL,NULL,NULL,NULL,NULL,NULL,'defausse'),(159,NULL,NULL,NULL,NULL,NULL,NULL,NULL,NULL,NULL,NULL,NULL,NULL,NULL,NULL,NULL,NULL,'defausse'),(160,NULL,NULL,NULL,NULL,NULL,NULL,NULL,NULL,NULL,NULL,NULL,NULL,NULL,NULL,NULL,1,'defausse'),(161,NULL,NULL,NULL,NULL,NULL,1,2,3,2,1,5,1,3,7,4,8,'pioche'),(162,NULL,NULL,NULL,NULL,NULL,NULL,NULL,NULL,NULL,NULL,NULL,NULL,NULL,NULL,NULL,NULL,'defausse'),(163,NULL,NULL,NULL,NULL,NULL,NULL,NULL,NULL,NULL,NULL,NULL,NULL,NULL,NULL,NULL,1,'defausse'),(164,NULL,NULL,NULL,NULL,NULL,NULL,NULL,NULL,NULL,NULL,NULL,NULL,NULL,NULL,NULL,1,'defausse'),(165,NULL,NULL,NULL,NULL,NULL,NULL,NULL,NULL,NULL,NULL,NULL,NULL,NULL,NULL,NULL,NULL,'pioche'),(166,NULL,NULL,NULL,NULL,NULL,NULL,NULL,NULL,NULL,NULL,NULL,NULL,NULL,NULL,NULL,NULL,'defausse'),(167,NULL,NULL,NULL,NULL,NULL,NULL,NULL,NULL,NULL,2,8,4,1,3,1,4,'defausse'),(168,NULL,NULL,NULL,NULL,NULL,NULL,NULL,NULL,NULL,NULL,1,2,7,3,5,1,'defausse'),(169,NULL,2,7,1,2,3,1,6,1,8,5,1,4,5,1,4,'pioche'),(170,NULL,NULL,NULL,NULL,NULL,NULL,NULL,NULL,NULL,NULL,NULL,NULL,NULL,NULL,NULL,NULL,'defausse'),(171,NULL,NULL,NULL,NULL,NULL,NULL,NULL,NULL,NULL,NULL,NULL,NULL,NULL,NULL,NULL,NULL,'defausse'),(172,NULL,NULL,NULL,NULL,NULL,NULL,NULL,NULL,NULL,NULL,NULL,NULL,NULL,NULL,NULL,NULL,'defausse'),(173,NULL,NULL,NULL,NULL,NULL,NULL,NULL,NULL,NULL,NULL,NULL,NULL,NULL,NULL,NULL,NULL,'pioche'),(174,NULL,NULL,NULL,NULL,NULL,NULL,NULL,NULL,NULL,NULL,NULL,NULL,NULL,6,8,4,'defausse'),(175,NULL,NULL,NULL,NULL,NULL,NULL,NULL,NULL,NULL,NULL,3,2,1,5,4,5,'defausse'),(176,NULL,NULL,NULL,NULL,NULL,NULL,NULL,NULL,NULL,NULL,1,1,7,1,8,2,'defausse'),(177,NULL,NULL,NULL,NULL,NULL,NULL,NULL,NULL,NULL,NULL,NULL,NULL,NULL,NULL,NULL,NULL,'pioche'),(178,NULL,NULL,NULL,NULL,NULL,NULL,NULL,NULL,NULL,NULL,NULL,NULL,NULL,1,1,4,'defausse'),(179,NULL,NULL,NULL,NULL,NULL,NULL,NULL,NULL,NULL,NULL,1,6,5,3,1,4,'defausse'),(180,NULL,NULL,NULL,NULL,NULL,NULL,NULL,NULL,NULL,NULL,NULL,3,2,5,2,1,'defausse'),(181,NULL,NULL,NULL,NULL,NULL,NULL,NULL,1,5,5,3,2,8,2,1,3,'pioche'),(182,NULL,NULL,NULL,NULL,NULL,NULL,NULL,NULL,NULL,NULL,NULL,NULL,NULL,7,1,4,'defausse'),(183,NULL,NULL,NULL,NULL,NULL,NULL,NULL,NULL,NULL,NULL,NULL,NULL,NULL,NULL,NULL,4,'defausse'),(184,NULL,NULL,NULL,NULL,NULL,NULL,NULL,NULL,NULL,NULL,NULL,NULL,NULL,NULL,NULL,1,'defausse'),(185,NULL,NULL,NULL,NULL,NULL,NULL,NULL,3,1,2,5,1,7,4,1,8,'pioche'),(186,NULL,NULL,NULL,NULL,NULL,NULL,NULL,NULL,NULL,NULL,NULL,NULL,NULL,2,3,6,'defausse'),(187,NULL,NULL,NULL,NULL,NULL,NULL,NULL,NULL,NULL,NULL,NULL,NULL,NULL,NULL,NULL,6,'defausse'),(188,NULL,NULL,NULL,NULL,NULL,NULL,NULL,NULL,NULL,NULL,NULL,NULL,NULL,NULL,NULL,3,'defausse');
/*!40000 ALTER TABLE `piles` ENABLE KEYS */;
UNLOCK TABLES;

--
-- Table structure for table `players`
--

DROP TABLE IF EXISTS `players`;
/*!40101 SET @saved_cs_client     = @@character_set_client */;
/*!40101 SET character_set_client = utf8 */;
CREATE TABLE `players` (
  `idPlayer` int(11) NOT NULL AUTO_INCREMENT,
  `hand` int(11) DEFAULT NULL,
  `name` varchar(25) NOT NULL,
  `ready` tinyint(1) NOT NULL DEFAULT '0',
  `defausse` int(11) DEFAULT NULL,
  PRIMARY KEY (`idPlayer`),
  KEY `fk_hand` (`hand`),
  KEY `player_fk_defausse` (`defausse`),
  CONSTRAINT `fk_hand` FOREIGN KEY (`hand`) REFERENCES `hands` (`idHand`),
  CONSTRAINT `player_fk_defausse` FOREIGN KEY (`defausse`) REFERENCES `piles` (`idPile`)
) ENGINE=InnoDB AUTO_INCREMENT=6 DEFAULT CHARSET=latin1;
/*!40101 SET character_set_client = @saved_cs_client */;

--
-- Dumping data for table `players`
--

LOCK TABLES `players` WRITE;
/*!40000 ALTER TABLE `players` DISABLE KEYS */;
INSERT INTO `players` VALUES (2,104,'moi',1,188),(3,103,'lui',1,187),(4,90,'elle',1,160),(5,101,'toi',1,183);
/*!40000 ALTER TABLE `players` ENABLE KEYS */;
UNLOCK TABLES;
/*!40103 SET TIME_ZONE=@OLD_TIME_ZONE */;

/*!40101 SET SQL_MODE=@OLD_SQL_MODE */;
/*!40014 SET FOREIGN_KEY_CHECKS=@OLD_FOREIGN_KEY_CHECKS */;
/*!40014 SET UNIQUE_CHECKS=@OLD_UNIQUE_CHECKS */;
/*!40101 SET CHARACTER_SET_CLIENT=@OLD_CHARACTER_SET_CLIENT */;
/*!40101 SET CHARACTER_SET_RESULTS=@OLD_CHARACTER_SET_RESULTS */;
/*!40101 SET COLLATION_CONNECTION=@OLD_COLLATION_CONNECTION */;
/*!40111 SET SQL_NOTES=@OLD_SQL_NOTES */;

-- Dump completed on 2016-11-30 12:06:38
