-- MySQL dump 10.13  Distrib 5.7.16, for Linux (x86_64)
--
-- Host: localhost    Database: LetterLove
-- ------------------------------------------------------
-- Server version	5.7.16-0ubuntu0.16.04.1

/*!40101 SET @OLD_CHARACTER_SET_CLIENT=@@CHARACTER_SET_CLIENT */;
/*!40101 SET @OLD_CHARACTER_SET_RESULTS=@@CHARACTER_SET_RESULTS */;
/*!40101 SET @OLD_COLLATION_CONNECTION=@@COLLATION_CONNECTION */;
/*!40101 SET NAMES utf8 */;
/*!40103 SET @OLD_TIME_ZONE=@@TIME_ZONE */;
/*!40103 SET TIME_ZONE='+00:00' */;
/*!40014 SET @OLD_UNIQUE_CHECKS=@@UNIQUE_CHECKS, UNIQUE_CHECKS=0 */;
/*!40014 SET @OLD_FOREIGN_KEY_CHECKS=@@FOREIGN_KEY_CHECKS, FOREIGN_KEY_CHECKS=0 */;
/*!40101 SET @OLD_SQL_MODE=@@SQL_MODE, SQL_MODE='NO_AUTO_VALUE_ON_ZERO' */;
/*!40111 SET @OLD_SQL_NOTES=@@SQL_NOTES, SQL_NOTES=0 */;

--
-- Table structure for table `cards`
--

DROP TABLE IF EXISTS `cards`;
/*!40101 SET @saved_cs_client     = @@character_set_client */;
/*!40101 SET character_set_client = utf8 */;
CREATE TABLE `cards` (
  `id` int(11) NOT NULL AUTO_INCREMENT,
  `title` varchar(50) NOT NULL,
  `quantity` int(11) NOT NULL,
  PRIMARY KEY (`id`)
) ENGINE=InnoDB AUTO_INCREMENT=9 DEFAULT CHARSET=latin1;
/*!40101 SET character_set_client = @saved_cs_client */;

--
-- Dumping data for table `cards`
--

LOCK TABLES `cards` WRITE;
/*!40000 ALTER TABLE `cards` DISABLE KEYS */;
INSERT INTO `cards` VALUES (1,'Guard',5),(2,'Priest',2),(3,'Baron',2),(4,'Handmaid',2),(5,'Prince',2),(6,'King',1),(7,'Countess',1),(8,'Princess',1);
/*!40000 ALTER TABLE `cards` ENABLE KEYS */;
UNLOCK TABLES;

--
-- Table structure for table `games`
--

DROP TABLE IF EXISTS `games`;
/*!40101 SET @saved_cs_client     = @@character_set_client */;
/*!40101 SET character_set_client = utf8 */;
CREATE TABLE `games` (
  `idGame` int(11) NOT NULL AUTO_INCREMENT,
  `player1` int(11) DEFAULT NULL,
  `player2` int(11) DEFAULT NULL,
  `pioche` int(11) NOT NULL,
  `defausse` int(11) NOT NULL,
  `playing` tinyint(1) NOT NULL,
  `player3` int(11) DEFAULT NULL,
  `player4` int(11) DEFAULT NULL,
  `carteDefaussee` int(11) NOT NULL,
  `tourPlayer` int(11) DEFAULT NULL,
  `finished` tinyint(1) NOT NULL DEFAULT '0',
  PRIMARY KEY (`idGame`),
  KEY `party_fk_player1` (`player1`),
  KEY `party_fk_player2` (`player2`),
  KEY `party_fk_pioche` (`pioche`),
  KEY `party_fk_defausse` (`defausse`),
  KEY `party_fk_player3` (`player3`),
  KEY `party_fk_player4` (`player4`),
  KEY `party_fk_carteDefaussee` (`carteDefaussee`),
  KEY `party_fk_tourPlayer` (`tourPlayer`),
  CONSTRAINT `party_fk_carteDefaussee` FOREIGN KEY (`carteDefaussee`) REFERENCES `cards` (`id`),
  CONSTRAINT `party_fk_defausse` FOREIGN KEY (`defausse`) REFERENCES `piles` (`idPile`),
  CONSTRAINT `party_fk_pioche` FOREIGN KEY (`pioche`) REFERENCES `piles` (`idPile`),
  CONSTRAINT `party_fk_player1` FOREIGN KEY (`player1`) REFERENCES `players` (`idPlayer`),
  CONSTRAINT `party_fk_player2` FOREIGN KEY (`player2`) REFERENCES `players` (`idPlayer`),
  CONSTRAINT `party_fk_player3` FOREIGN KEY (`player3`) REFERENCES `players` (`idPlayer`),
  CONSTRAINT `party_fk_player4` FOREIGN KEY (`player4`) REFERENCES `players` (`idPlayer`),
  CONSTRAINT `party_fk_tourPlayer` FOREIGN KEY (`tourPlayer`) REFERENCES `players` (`idPlayer`)
) ENGINE=InnoDB AUTO_INCREMENT=140 DEFAULT CHARSET=latin1;
/*!40101 SET character_set_client = @saved_cs_client */;

--
-- Dumping data for table `games`
--

LOCK TABLES `games` WRITE;
/*!40000 ALTER TABLE `games` DISABLE KEYS */;
INSERT INTO `games` VALUES (83,2,5,233,234,1,NULL,NULL,1,5,1),(91,2,5,265,266,1,NULL,NULL,4,5,1),(92,5,2,269,270,1,NULL,NULL,2,2,1),(94,2,5,277,278,1,NULL,NULL,5,2,1),(95,2,5,281,282,1,NULL,NULL,3,2,1),(96,2,5,285,286,1,NULL,NULL,6,2,1),(97,2,5,289,290,1,NULL,NULL,5,5,1),(98,2,5,293,294,1,NULL,NULL,4,5,1),(99,2,3,297,298,1,NULL,NULL,1,3,1),(100,2,5,301,302,1,NULL,NULL,1,2,1),(102,2,5,309,310,1,NULL,NULL,3,5,1),(103,2,5,313,314,1,NULL,NULL,7,5,1),(104,2,5,317,318,1,NULL,NULL,1,2,1),(105,2,5,321,322,1,NULL,NULL,3,5,1),(106,2,5,325,326,1,NULL,NULL,5,5,1),(107,3,4,329,330,1,NULL,NULL,2,3,1),(108,2,5,333,334,1,NULL,NULL,2,5,1),(109,2,5,337,338,1,NULL,NULL,1,5,1),(110,2,5,341,342,1,NULL,NULL,4,5,1),(111,2,5,345,346,1,NULL,NULL,2,2,1),(112,2,5,349,350,1,NULL,NULL,5,2,1),(113,2,5,353,354,1,NULL,NULL,2,2,1),(114,2,5,357,358,1,NULL,NULL,2,5,1),(116,2,5,365,366,1,NULL,NULL,8,5,1),(117,2,5,369,370,1,NULL,NULL,5,5,1),(118,2,5,373,374,1,NULL,NULL,4,5,1),(119,2,5,377,378,1,NULL,NULL,5,2,1),(120,2,5,381,382,1,NULL,NULL,5,2,1),(121,5,2,385,386,1,NULL,NULL,1,5,1),(122,2,5,389,390,1,NULL,NULL,5,2,1),(123,2,5,393,394,1,NULL,NULL,4,5,1),(124,2,5,397,398,1,NULL,NULL,1,2,1),(125,2,5,401,402,1,NULL,NULL,1,2,1),(126,2,5,405,406,1,NULL,NULL,5,5,1),(127,2,5,409,410,1,NULL,NULL,7,2,1),(128,2,5,413,414,1,NULL,NULL,4,2,1),(129,2,5,417,418,1,NULL,NULL,8,2,1),(130,2,5,421,422,1,NULL,NULL,3,2,1),(131,2,5,425,426,1,NULL,NULL,3,2,1),(132,2,5,429,430,1,NULL,NULL,2,2,1),(133,2,5,433,434,1,NULL,NULL,4,5,1),(134,2,5,437,438,1,NULL,NULL,2,2,1),(135,2,5,441,442,1,NULL,NULL,1,2,1),(136,2,5,445,446,1,NULL,NULL,8,5,1),(137,2,5,449,450,1,NULL,NULL,1,5,1),(138,2,5,453,454,1,NULL,NULL,4,5,1);
/*!40000 ALTER TABLE `games` ENABLE KEYS */;
UNLOCK TABLES;

--
-- Table structure for table `hands`
--

DROP TABLE IF EXISTS `hands`;
/*!40101 SET @saved_cs_client     = @@character_set_client */;
/*!40101 SET character_set_client = utf8 */;
CREATE TABLE `hands` (
  `idHand` int(11) NOT NULL AUTO_INCREMENT,
  `card1` int(11) DEFAULT NULL,
  `card2` int(11) DEFAULT NULL,
  `idPlayer` int(11) NOT NULL,
  `excard` int(11) DEFAULT NULL,
  PRIMARY KEY (`idHand`),
  KEY `fk_card1` (`card1`),
  KEY `fk_card2` (`card2`),
  KEY `fk_idPlayer` (`idPlayer`),
  KEY `fk_excard` (`excard`),
  CONSTRAINT `fk_card1` FOREIGN KEY (`card1`) REFERENCES `cards` (`id`),
  CONSTRAINT `fk_card2` FOREIGN KEY (`card2`) REFERENCES `cards` (`id`),
  CONSTRAINT `fk_excard` FOREIGN KEY (`excard`) REFERENCES `cards` (`id`),
  CONSTRAINT `fk_idPlayer` FOREIGN KEY (`idPlayer`) REFERENCES `players` (`idPlayer`)
) ENGINE=InnoDB AUTO_INCREMENT=241 DEFAULT CHARSET=latin1;
/*!40101 SET character_set_client = @saved_cs_client */;

--
-- Dumping data for table `hands`
--

LOCK TABLES `hands` WRITE;
/*!40000 ALTER TABLE `hands` DISABLE KEYS */;
INSERT INTO `hands` VALUES (11,NULL,NULL,2,NULL),(12,NULL,NULL,3,NULL),(13,NULL,NULL,4,NULL),(14,NULL,NULL,5,NULL),(15,NULL,NULL,2,NULL),(16,NULL,NULL,2,NULL),(17,NULL,NULL,2,NULL),(18,NULL,NULL,2,NULL),(19,NULL,NULL,2,NULL),(20,NULL,NULL,2,NULL),(21,2,NULL,2,NULL),(22,1,3,2,NULL),(23,NULL,NULL,2,NULL),(24,NULL,NULL,3,NULL),(25,NULL,NULL,2,NULL),(26,NULL,NULL,3,NULL),(27,NULL,NULL,2,NULL),(28,NULL,NULL,3,NULL),(29,NULL,NULL,2,NULL),(30,NULL,NULL,3,NULL),(31,NULL,NULL,3,NULL),(32,NULL,NULL,4,NULL),(33,4,NULL,2,NULL),(34,NULL,NULL,3,NULL),(35,3,NULL,2,NULL),(36,NULL,NULL,3,NULL),(37,4,5,2,NULL),(38,NULL,NULL,4,NULL),(39,5,6,2,NULL),(40,NULL,NULL,3,NULL),(41,2,NULL,2,NULL),(42,NULL,NULL,3,NULL),(43,3,NULL,2,NULL),(44,NULL,NULL,3,NULL),(45,7,NULL,3,NULL),(46,NULL,NULL,5,NULL),(47,1,NULL,2,NULL),(48,NULL,NULL,5,NULL),(49,NULL,NULL,3,NULL),(50,1,NULL,2,NULL),(51,NULL,NULL,5,NULL),(52,6,NULL,2,NULL),(53,NULL,NULL,5,NULL),(54,NULL,NULL,3,NULL),(55,5,NULL,2,NULL),(56,NULL,NULL,5,NULL),(57,NULL,NULL,3,NULL),(58,6,1,2,NULL),(59,NULL,NULL,3,NULL),(60,NULL,NULL,4,NULL),(61,4,4,2,NULL),(62,3,NULL,3,NULL),(63,1,NULL,5,NULL),(64,NULL,NULL,2,NULL),(65,6,NULL,5,NULL),(66,1,NULL,3,NULL),(67,3,NULL,4,NULL),(68,3,NULL,2,NULL),(69,NULL,NULL,5,NULL),(70,2,2,2,NULL),(71,3,NULL,3,NULL),(72,4,1,2,NULL),(73,NULL,NULL,3,NULL),(74,1,NULL,2,NULL),(75,NULL,NULL,4,NULL),(76,2,3,3,NULL),(77,2,3,2,NULL),(78,4,NULL,5,NULL),(79,1,NULL,3,NULL),(80,5,1,2,NULL),(81,8,NULL,3,NULL),(82,2,NULL,5,NULL),(83,7,NULL,2,NULL),(84,6,NULL,5,NULL),(85,4,3,3,NULL),(86,4,NULL,4,NULL),(87,1,NULL,2,NULL),(88,4,NULL,5,NULL),(89,1,NULL,3,NULL),(90,NULL,NULL,4,NULL),(91,NULL,5,2,NULL),(92,NULL,4,3,NULL),(93,6,NULL,2,NULL),(94,NULL,5,5,NULL),(95,NULL,NULL,2,NULL),(96,NULL,NULL,2,NULL),(97,NULL,4,2,NULL),(98,NULL,3,5,NULL),(99,NULL,7,5,NULL),(100,4,1,2,NULL),(101,1,6,5,NULL),(102,NULL,4,2,NULL),(103,4,5,3,NULL),(104,NULL,1,2,NULL),(105,1,NULL,2,NULL),(106,1,3,5,NULL),(107,NULL,2,5,NULL),(108,1,NULL,2,NULL),(109,1,NULL,5,NULL),(110,1,NULL,2,NULL),(111,4,NULL,2,NULL),(112,1,NULL,5,NULL),(113,2,NULL,5,NULL),(114,7,NULL,2,NULL),(115,3,NULL,2,NULL),(116,1,NULL,5,NULL),(117,1,NULL,5,NULL),(118,3,NULL,2,NULL),(119,3,NULL,5,NULL),(120,5,NULL,2,NULL),(121,2,NULL,2,NULL),(122,1,NULL,5,NULL),(123,7,5,2,NULL),(124,3,NULL,5,NULL),(125,1,NULL,2,NULL),(126,4,NULL,5,NULL),(127,1,NULL,2,NULL),(128,2,6,5,NULL),(129,2,NULL,2,NULL),(130,3,NULL,5,NULL),(131,4,NULL,2,NULL),(132,2,NULL,5,NULL),(133,1,NULL,2,NULL),(134,2,NULL,5,NULL),(135,2,NULL,3,NULL),(136,4,NULL,2,NULL),(137,3,NULL,3,NULL),(138,8,NULL,4,NULL),(139,4,5,2,NULL),(140,2,NULL,5,NULL),(141,1,NULL,2,NULL),(142,3,NULL,3,NULL),(143,4,NULL,2,NULL),(144,2,NULL,5,NULL),(145,NULL,3,5,NULL),(146,1,1,2,NULL),(147,5,NULL,2,NULL),(148,2,1,5,NULL),(149,2,NULL,2,NULL),(150,1,NULL,5,NULL),(151,4,NULL,2,NULL),(152,NULL,1,5,NULL),(153,NULL,1,2,NULL),(154,1,NULL,5,NULL),(155,1,NULL,2,NULL),(156,NULL,4,5,NULL),(157,3,NULL,2,NULL),(158,1,NULL,5,NULL),(159,4,NULL,2,NULL),(160,3,NULL,3,NULL),(161,NULL,5,2,NULL),(162,1,NULL,5,NULL),(163,1,1,2,NULL),(164,5,7,5,NULL),(165,4,NULL,2,NULL),(166,NULL,2,5,NULL),(167,1,NULL,2,NULL),(168,NULL,1,5,NULL),(169,2,NULL,2,NULL),(170,NULL,1,5,NULL),(171,2,NULL,2,NULL),(172,NULL,1,5,NULL),(173,8,NULL,2,NULL),(174,NULL,4,5,NULL),(175,NULL,1,3,NULL),(176,5,NULL,4,NULL),(177,1,NULL,2,NULL),(178,3,NULL,5,NULL),(179,1,NULL,2,5),(180,NULL,8,5,2),(181,3,NULL,2,4),(182,1,NULL,5,1),(183,1,NULL,2,8),(184,1,7,5,2),(185,3,NULL,2,3),(186,1,NULL,5,5),(187,1,NULL,2,1),(188,3,NULL,5,2),(189,1,NULL,2,3),(190,5,NULL,5,1),(191,NULL,1,2,2),(192,NULL,1,5,6),(193,1,NULL,2,3),(194,4,NULL,5,5),(195,3,NULL,2,3),(196,4,NULL,5,1),(197,1,NULL,2,1),(198,3,NULL,5,4),(199,4,NULL,2,7),(200,1,NULL,5,8),(201,4,NULL,2,1),(202,1,NULL,5,8),(203,4,NULL,5,5),(204,4,NULL,2,3),(205,NULL,1,2,8),(206,NULL,3,5,5),(207,NULL,6,2,1),(208,7,NULL,5,3),(209,NULL,5,2,1),(210,2,NULL,5,1),(211,NULL,4,4,1),(212,7,NULL,5,5),(213,3,NULL,2,1),(214,NULL,4,5,5),(215,NULL,4,2,3),(216,4,NULL,5,3),(217,6,NULL,2,5),(218,2,NULL,5,4),(219,NULL,5,2,2),(220,4,NULL,5,2),(221,2,NULL,2,1),(222,1,NULL,5,5),(223,1,NULL,2,1),(224,4,NULL,5,2),(225,1,NULL,2,2),(226,1,NULL,5,7),(227,3,NULL,2,5),(228,NULL,7,5,1),(229,NULL,4,2,2),(230,1,NULL,5,5),(231,8,NULL,2,NULL),(232,3,NULL,5,4),(233,NULL,6,2,7),(234,NULL,5,5,4),(235,2,NULL,2,NULL),(236,NULL,7,5,3),(237,7,NULL,2,3),(238,7,NULL,5,1),(239,5,NULL,2,4),(240,6,NULL,5,NULL);
/*!40000 ALTER TABLE `hands` ENABLE KEYS */;
UNLOCK TABLES;

--
-- Table structure for table `piles`
--

DROP TABLE IF EXISTS `piles`;
/*!40101 SET @saved_cs_client     = @@character_set_client */;
/*!40101 SET character_set_client = utf8 */;
CREATE TABLE `piles` (
  `idPile` int(11) NOT NULL AUTO_INCREMENT,
  `card1` int(11) DEFAULT NULL,
  `card2` int(11) DEFAULT NULL,
  `card3` int(11) DEFAULT NULL,
  `card4` int(11) DEFAULT NULL,
  `card5` int(11) DEFAULT NULL,
  `card6` int(11) DEFAULT NULL,
  `card7` int(11) DEFAULT NULL,
  `card8` int(11) DEFAULT NULL,
  `card9` int(11) DEFAULT NULL,
  `card10` int(11) DEFAULT NULL,
  `card11` int(11) DEFAULT NULL,
  `card12` int(11) DEFAULT NULL,
  `card13` int(11) DEFAULT NULL,
  `card14` int(11) DEFAULT NULL,
  `card15` int(11) DEFAULT NULL,
  `card16` int(11) DEFAULT NULL,
  `type` varchar(20) DEFAULT NULL,
  PRIMARY KEY (`idPile`),
  KEY `pile_fk_card1` (`card1`),
  KEY `pile_fk_card2` (`card2`),
  KEY `pile_fk_card3` (`card3`),
  KEY `pile_fk_card4` (`card4`),
  KEY `pile_fk_card5` (`card5`),
  KEY `pile_fk_card6` (`card6`),
  KEY `pile_fk_card7` (`card7`),
  KEY `pile_fk_card8` (`card8`),
  KEY `pile_fk_card9` (`card9`),
  KEY `pile_fk_card10` (`card10`),
  KEY `pile_fk_card11` (`card11`),
  KEY `pile_fk_card12` (`card12`),
  KEY `pile_fk_card13` (`card13`),
  KEY `pile_fk_card14` (`card14`),
  KEY `pile_fk_card15` (`card15`),
  KEY `pile_fk_card16` (`card16`),
  CONSTRAINT `pile_fk_card1` FOREIGN KEY (`card1`) REFERENCES `cards` (`id`),
  CONSTRAINT `pile_fk_card10` FOREIGN KEY (`card10`) REFERENCES `cards` (`id`),
  CONSTRAINT `pile_fk_card11` FOREIGN KEY (`card11`) REFERENCES `cards` (`id`),
  CONSTRAINT `pile_fk_card12` FOREIGN KEY (`card12`) REFERENCES `cards` (`id`),
  CONSTRAINT `pile_fk_card13` FOREIGN KEY (`card13`) REFERENCES `cards` (`id`),
  CONSTRAINT `pile_fk_card14` FOREIGN KEY (`card14`) REFERENCES `cards` (`id`),
  CONSTRAINT `pile_fk_card15` FOREIGN KEY (`card15`) REFERENCES `cards` (`id`),
  CONSTRAINT `pile_fk_card16` FOREIGN KEY (`card16`) REFERENCES `cards` (`id`),
  CONSTRAINT `pile_fk_card2` FOREIGN KEY (`card2`) REFERENCES `cards` (`id`),
  CONSTRAINT `pile_fk_card3` FOREIGN KEY (`card3`) REFERENCES `cards` (`id`),
  CONSTRAINT `pile_fk_card4` FOREIGN KEY (`card4`) REFERENCES `cards` (`id`),
  CONSTRAINT `pile_fk_card5` FOREIGN KEY (`card5`) REFERENCES `cards` (`id`),
  CONSTRAINT `pile_fk_card6` FOREIGN KEY (`card6`) REFERENCES `cards` (`id`),
  CONSTRAINT `pile_fk_card7` FOREIGN KEY (`card7`) REFERENCES `cards` (`id`),
  CONSTRAINT `pile_fk_card8` FOREIGN KEY (`card8`) REFERENCES `cards` (`id`),
  CONSTRAINT `pile_fk_card9` FOREIGN KEY (`card9`) REFERENCES `cards` (`id`)
) ENGINE=InnoDB AUTO_INCREMENT=461 DEFAULT CHARSET=latin1;
/*!40101 SET character_set_client = @saved_cs_client */;

--
-- Dumping data for table `piles`
--

LOCK TABLES `piles` WRITE;
/*!40000 ALTER TABLE `piles` DISABLE KEYS */;
INSERT INTO `piles` VALUES (1,NULL,NULL,NULL,NULL,1,6,1,3,8,2,4,1,4,5,7,1,'pioche'),(2,2,NULL,NULL,NULL,NULL,NULL,NULL,NULL,NULL,NULL,NULL,NULL,NULL,NULL,NULL,NULL,'defausse'),(3,NULL,7,8,1,1,2,4,1,1,5,4,3,2,3,1,5,'pioche'),(4,6,NULL,NULL,NULL,NULL,NULL,NULL,NULL,NULL,NULL,NULL,NULL,NULL,NULL,NULL,NULL,'defausse'),(5,NULL,8,2,7,5,4,1,3,3,5,1,4,1,1,6,1,'pioche'),(6,2,NULL,NULL,NULL,NULL,NULL,NULL,NULL,NULL,NULL,NULL,NULL,NULL,NULL,NULL,NULL,'defausse'),(7,NULL,3,8,5,5,1,6,2,1,1,4,2,4,7,1,1,'pioche'),(8,NULL,NULL,NULL,NULL,NULL,NULL,NULL,NULL,NULL,NULL,NULL,NULL,NULL,NULL,NULL,3,'defausse'),(9,NULL,1,6,5,1,3,8,2,4,4,1,3,2,5,1,7,'pioche'),(10,NULL,NULL,NULL,NULL,NULL,NULL,NULL,NULL,NULL,NULL,NULL,NULL,NULL,NULL,NULL,1,'defausse'),(11,NULL,1,4,1,2,4,7,8,1,6,3,1,5,3,1,2,'pioche'),(12,NULL,NULL,NULL,NULL,NULL,NULL,NULL,NULL,NULL,NULL,NULL,NULL,NULL,NULL,NULL,5,'defausse'),(13,NULL,2,6,4,4,7,1,5,2,1,3,1,1,5,1,3,'pioche'),(14,NULL,NULL,NULL,NULL,NULL,NULL,NULL,NULL,NULL,NULL,NULL,NULL,NULL,NULL,NULL,8,'defausse'),(15,NULL,4,1,5,6,1,2,8,3,2,7,3,4,5,1,1,'pioche'),(16,NULL,NULL,NULL,NULL,NULL,NULL,NULL,NULL,NULL,NULL,NULL,NULL,NULL,NULL,NULL,1,'defausse'),(17,NULL,1,4,2,8,5,7,1,1,4,6,3,1,1,2,3,'pioche'),(18,NULL,NULL,NULL,NULL,NULL,NULL,NULL,NULL,NULL,NULL,NULL,NULL,NULL,NULL,NULL,5,'defausse'),(19,NULL,5,4,1,2,5,1,2,1,6,3,8,1,4,7,3,'pioche'),(20,NULL,NULL,NULL,NULL,NULL,NULL,NULL,NULL,NULL,NULL,NULL,NULL,NULL,NULL,NULL,NULL,'defausse'),(21,NULL,2,2,1,4,3,6,1,1,7,8,1,1,4,3,5,'pioche'),(22,NULL,NULL,NULL,NULL,NULL,NULL,NULL,NULL,NULL,NULL,NULL,NULL,NULL,NULL,NULL,NULL,'defausse'),(23,NULL,8,7,5,6,1,3,4,1,1,3,5,2,4,2,1,'pioche'),(24,NULL,NULL,NULL,NULL,NULL,NULL,NULL,NULL,NULL,NULL,NULL,NULL,NULL,NULL,NULL,NULL,'defausse'),(25,NULL,NULL,NULL,NULL,NULL,NULL,NULL,NULL,NULL,NULL,NULL,NULL,NULL,NULL,NULL,NULL,'pioche'),(26,NULL,NULL,NULL,NULL,NULL,NULL,NULL,NULL,NULL,NULL,NULL,NULL,NULL,NULL,NULL,NULL,'defausse'),(27,NULL,NULL,NULL,NULL,NULL,NULL,NULL,NULL,NULL,NULL,NULL,NULL,6,1,5,2,'pioche'),(28,NULL,NULL,NULL,NULL,NULL,NULL,NULL,NULL,NULL,NULL,NULL,NULL,NULL,NULL,NULL,NULL,'defausse'),(29,NULL,NULL,NULL,NULL,NULL,NULL,NULL,NULL,NULL,NULL,NULL,NULL,NULL,NULL,NULL,NULL,'pioche'),(30,NULL,NULL,NULL,NULL,NULL,NULL,NULL,NULL,NULL,NULL,NULL,NULL,NULL,NULL,NULL,5,'defausse'),(31,NULL,NULL,NULL,NULL,NULL,NULL,NULL,NULL,NULL,NULL,NULL,NULL,NULL,NULL,NULL,NULL,'pioche'),(32,NULL,NULL,NULL,NULL,NULL,NULL,NULL,NULL,NULL,NULL,NULL,NULL,NULL,NULL,NULL,NULL,'defausse'),(33,NULL,NULL,NULL,NULL,NULL,NULL,NULL,NULL,NULL,NULL,NULL,NULL,NULL,NULL,NULL,NULL,'defausse'),(34,NULL,1,5,2,7,2,8,6,4,3,1,1,5,4,1,1,'pioche'),(35,NULL,NULL,NULL,NULL,NULL,NULL,NULL,NULL,NULL,NULL,NULL,NULL,NULL,NULL,NULL,NULL,'defausse'),(36,NULL,NULL,NULL,NULL,NULL,NULL,NULL,NULL,NULL,NULL,NULL,NULL,NULL,NULL,NULL,NULL,'defausse'),(37,NULL,NULL,NULL,NULL,NULL,NULL,NULL,NULL,NULL,NULL,NULL,NULL,NULL,NULL,NULL,NULL,'defausse'),(38,NULL,NULL,NULL,NULL,NULL,NULL,NULL,NULL,NULL,NULL,NULL,NULL,NULL,NULL,NULL,NULL,'defausse'),(39,NULL,NULL,4,2,8,3,5,7,1,3,6,1,1,5,2,4,'pioche'),(40,NULL,NULL,NULL,NULL,NULL,NULL,NULL,NULL,NULL,NULL,NULL,NULL,NULL,NULL,NULL,1,'defausse'),(41,NULL,NULL,NULL,NULL,NULL,NULL,NULL,NULL,NULL,NULL,NULL,NULL,NULL,NULL,NULL,NULL,'defausse'),(42,NULL,NULL,NULL,NULL,NULL,NULL,NULL,NULL,NULL,NULL,NULL,NULL,NULL,NULL,NULL,NULL,'defausse'),(43,NULL,NULL,4,1,1,7,3,5,1,4,2,6,3,1,2,1,'pioche'),(44,NULL,NULL,NULL,NULL,NULL,NULL,NULL,NULL,NULL,NULL,NULL,NULL,NULL,NULL,NULL,8,'defausse'),(45,NULL,NULL,NULL,NULL,NULL,NULL,NULL,NULL,NULL,NULL,NULL,NULL,NULL,NULL,NULL,NULL,'defausse'),(46,NULL,NULL,NULL,NULL,NULL,NULL,NULL,NULL,NULL,NULL,NULL,NULL,NULL,NULL,NULL,NULL,'defausse'),(47,NULL,NULL,1,4,7,2,3,2,5,8,1,1,4,3,6,1,'pioche'),(48,NULL,NULL,NULL,NULL,NULL,NULL,NULL,NULL,NULL,NULL,NULL,NULL,NULL,NULL,NULL,1,'defausse'),(49,NULL,NULL,NULL,NULL,NULL,NULL,NULL,NULL,NULL,NULL,NULL,NULL,NULL,NULL,NULL,NULL,'defausse'),(50,NULL,NULL,NULL,NULL,NULL,NULL,NULL,NULL,NULL,NULL,NULL,NULL,NULL,NULL,NULL,NULL,'defausse'),(51,NULL,NULL,3,1,1,7,2,8,5,4,1,5,1,1,3,6,'pioche'),(52,NULL,NULL,NULL,NULL,NULL,NULL,NULL,NULL,NULL,NULL,NULL,NULL,NULL,NULL,NULL,4,'defausse'),(53,NULL,NULL,NULL,NULL,NULL,NULL,NULL,NULL,NULL,NULL,NULL,NULL,NULL,NULL,NULL,NULL,'defausse'),(54,NULL,NULL,NULL,NULL,NULL,NULL,NULL,NULL,NULL,NULL,NULL,NULL,NULL,NULL,NULL,NULL,'defausse'),(55,NULL,NULL,2,5,5,1,7,1,1,1,2,4,3,6,8,3,'pioche'),(56,NULL,NULL,NULL,NULL,NULL,NULL,NULL,NULL,NULL,NULL,NULL,NULL,NULL,NULL,NULL,1,'defausse'),(57,NULL,NULL,NULL,NULL,NULL,NULL,NULL,NULL,NULL,NULL,NULL,NULL,NULL,NULL,NULL,NULL,'defausse'),(58,NULL,NULL,NULL,NULL,NULL,NULL,NULL,NULL,NULL,NULL,NULL,NULL,NULL,NULL,NULL,NULL,'defausse'),(59,NULL,NULL,NULL,NULL,NULL,5,1,6,1,2,3,1,1,1,3,7,'pioche'),(60,NULL,NULL,NULL,NULL,NULL,NULL,NULL,NULL,NULL,NULL,NULL,NULL,NULL,5,8,4,'defausse'),(61,NULL,NULL,NULL,NULL,NULL,NULL,NULL,NULL,NULL,NULL,NULL,NULL,NULL,NULL,NULL,NULL,'defausse'),(62,NULL,NULL,NULL,NULL,NULL,NULL,NULL,NULL,NULL,NULL,NULL,NULL,NULL,NULL,NULL,NULL,'defausse'),(63,NULL,NULL,NULL,NULL,NULL,1,4,1,5,2,8,1,4,2,5,3,'pioche'),(64,NULL,NULL,NULL,NULL,NULL,NULL,NULL,NULL,NULL,NULL,NULL,NULL,NULL,7,6,1,'defausse'),(65,NULL,NULL,NULL,NULL,NULL,NULL,NULL,NULL,NULL,NULL,NULL,NULL,NULL,NULL,NULL,NULL,'defausse'),(66,NULL,NULL,NULL,NULL,NULL,NULL,NULL,NULL,NULL,NULL,NULL,NULL,NULL,NULL,NULL,NULL,'defausse'),(67,NULL,NULL,NULL,NULL,NULL,NULL,NULL,7,1,1,8,1,5,1,3,3,'pioche'),(68,NULL,NULL,NULL,NULL,NULL,NULL,NULL,NULL,NULL,NULL,NULL,NULL,NULL,6,2,2,'defausse'),(69,NULL,NULL,NULL,NULL,NULL,NULL,NULL,NULL,NULL,NULL,NULL,NULL,NULL,NULL,NULL,NULL,'defausse'),(70,NULL,NULL,NULL,NULL,NULL,NULL,NULL,NULL,NULL,NULL,NULL,NULL,NULL,NULL,NULL,NULL,'defausse'),(71,NULL,NULL,NULL,NULL,NULL,NULL,7,4,2,1,2,3,3,1,1,1,'pioche'),(72,NULL,NULL,NULL,NULL,NULL,NULL,NULL,NULL,NULL,NULL,NULL,NULL,NULL,1,4,8,'defausse'),(73,NULL,NULL,NULL,NULL,NULL,NULL,NULL,NULL,NULL,NULL,NULL,NULL,NULL,NULL,NULL,NULL,'defausse'),(74,NULL,NULL,NULL,NULL,NULL,NULL,NULL,NULL,NULL,NULL,NULL,NULL,NULL,NULL,NULL,NULL,'defausse'),(75,NULL,NULL,NULL,NULL,NULL,NULL,NULL,NULL,NULL,NULL,NULL,NULL,NULL,NULL,NULL,NULL,'pioche'),(76,NULL,NULL,NULL,NULL,NULL,NULL,NULL,NULL,NULL,NULL,NULL,NULL,NULL,4,1,2,'defausse'),(77,NULL,NULL,NULL,NULL,NULL,NULL,NULL,NULL,NULL,NULL,NULL,NULL,NULL,NULL,NULL,NULL,'defausse'),(78,NULL,NULL,NULL,NULL,NULL,NULL,NULL,NULL,NULL,NULL,NULL,NULL,NULL,NULL,NULL,NULL,'defausse'),(79,NULL,NULL,NULL,NULL,NULL,NULL,NULL,NULL,NULL,NULL,NULL,NULL,NULL,NULL,NULL,NULL,'pioche'),(80,NULL,NULL,NULL,NULL,NULL,NULL,NULL,NULL,NULL,NULL,NULL,NULL,NULL,1,1,2,'defausse'),(81,NULL,NULL,NULL,NULL,NULL,NULL,NULL,NULL,NULL,NULL,NULL,NULL,NULL,NULL,NULL,NULL,'defausse'),(82,NULL,NULL,NULL,NULL,NULL,NULL,NULL,NULL,NULL,NULL,NULL,NULL,NULL,NULL,NULL,NULL,'defausse'),(83,NULL,NULL,NULL,NULL,NULL,1,5,6,4,4,1,3,5,1,1,3,'pioche'),(84,NULL,NULL,NULL,NULL,NULL,NULL,NULL,NULL,NULL,NULL,NULL,NULL,NULL,2,1,8,'defausse'),(85,NULL,NULL,NULL,NULL,NULL,NULL,NULL,NULL,NULL,NULL,NULL,NULL,NULL,NULL,NULL,NULL,'defausse'),(86,NULL,NULL,NULL,NULL,NULL,NULL,NULL,NULL,NULL,NULL,NULL,NULL,NULL,NULL,NULL,NULL,'defausse'),(87,NULL,NULL,NULL,NULL,NULL,4,1,2,3,1,1,4,8,6,3,5,'pioche'),(88,NULL,NULL,NULL,NULL,NULL,NULL,NULL,NULL,NULL,NULL,NULL,NULL,NULL,7,2,5,'defausse'),(89,NULL,NULL,NULL,NULL,NULL,NULL,NULL,NULL,NULL,NULL,NULL,NULL,NULL,NULL,NULL,NULL,'defausse'),(90,NULL,NULL,NULL,NULL,NULL,NULL,NULL,NULL,NULL,NULL,NULL,NULL,NULL,NULL,NULL,NULL,'defausse'),(91,NULL,NULL,NULL,NULL,NULL,NULL,NULL,NULL,NULL,NULL,NULL,NULL,NULL,NULL,NULL,NULL,'defausse'),(92,NULL,NULL,NULL,NULL,NULL,6,5,1,1,8,4,3,1,7,3,4,'pioche'),(93,NULL,NULL,NULL,NULL,NULL,NULL,NULL,NULL,NULL,NULL,NULL,NULL,NULL,2,5,1,'defausse'),(94,NULL,NULL,NULL,NULL,NULL,NULL,NULL,NULL,NULL,NULL,NULL,NULL,NULL,NULL,NULL,NULL,'defausse'),(95,NULL,NULL,NULL,NULL,NULL,NULL,NULL,NULL,NULL,NULL,NULL,NULL,NULL,NULL,NULL,NULL,'defausse'),(96,NULL,NULL,NULL,NULL,NULL,1,4,1,2,3,2,7,1,8,3,5,'pioche'),(97,NULL,NULL,NULL,NULL,NULL,NULL,NULL,NULL,NULL,NULL,NULL,NULL,NULL,1,1,4,'defausse'),(98,NULL,NULL,NULL,NULL,NULL,NULL,NULL,NULL,NULL,NULL,NULL,NULL,NULL,NULL,NULL,NULL,'defausse'),(99,NULL,NULL,NULL,NULL,NULL,NULL,NULL,NULL,NULL,NULL,NULL,NULL,NULL,NULL,NULL,NULL,'defausse'),(100,NULL,NULL,NULL,NULL,NULL,NULL,NULL,NULL,NULL,NULL,NULL,NULL,NULL,NULL,NULL,NULL,'defausse'),(101,NULL,NULL,NULL,NULL,NULL,2,6,1,1,1,5,3,1,2,4,7,'pioche'),(102,NULL,NULL,NULL,NULL,NULL,NULL,NULL,NULL,NULL,NULL,NULL,NULL,NULL,1,8,3,'defausse'),(103,NULL,NULL,NULL,NULL,NULL,NULL,NULL,NULL,NULL,NULL,NULL,NULL,NULL,NULL,NULL,NULL,'defausse'),(104,NULL,NULL,NULL,NULL,NULL,NULL,NULL,NULL,NULL,NULL,NULL,NULL,NULL,NULL,NULL,NULL,'defausse'),(105,NULL,NULL,NULL,NULL,NULL,NULL,NULL,NULL,NULL,NULL,NULL,NULL,NULL,NULL,NULL,NULL,'defausse'),(106,NULL,NULL,NULL,NULL,NULL,NULL,1,4,4,8,3,1,7,2,5,3,'pioche'),(107,NULL,NULL,NULL,NULL,NULL,NULL,NULL,NULL,NULL,NULL,NULL,NULL,NULL,NULL,NULL,NULL,'defausse'),(108,NULL,NULL,NULL,NULL,NULL,NULL,NULL,NULL,NULL,NULL,NULL,NULL,NULL,NULL,NULL,NULL,'defausse'),(109,NULL,NULL,NULL,NULL,NULL,NULL,NULL,NULL,NULL,NULL,NULL,NULL,NULL,NULL,NULL,NULL,'defausse'),(110,NULL,NULL,NULL,NULL,NULL,NULL,NULL,NULL,NULL,NULL,NULL,NULL,NULL,NULL,NULL,NULL,'defausse'),(111,NULL,NULL,NULL,NULL,NULL,1,2,2,7,3,1,5,1,1,6,8,'pioche'),(112,NULL,NULL,NULL,NULL,NULL,NULL,NULL,NULL,NULL,NULL,NULL,NULL,NULL,NULL,NULL,NULL,'defausse'),(113,NULL,NULL,NULL,NULL,NULL,NULL,NULL,NULL,NULL,NULL,NULL,NULL,NULL,NULL,NULL,NULL,'defausse'),(114,NULL,NULL,NULL,NULL,NULL,NULL,NULL,NULL,NULL,NULL,NULL,NULL,NULL,NULL,NULL,NULL,'defausse'),(115,NULL,NULL,NULL,NULL,NULL,NULL,NULL,NULL,NULL,NULL,NULL,NULL,NULL,NULL,NULL,NULL,'defausse'),(116,NULL,NULL,NULL,NULL,NULL,NULL,NULL,NULL,NULL,NULL,1,1,2,8,1,4,'pioche'),(117,NULL,NULL,NULL,NULL,NULL,NULL,NULL,NULL,NULL,NULL,NULL,NULL,NULL,NULL,NULL,NULL,'defausse'),(118,NULL,NULL,NULL,7,5,1,2,4,2,4,4,4,4,4,4,4,'defausse'),(119,NULL,NULL,NULL,NULL,NULL,NULL,NULL,NULL,NULL,NULL,NULL,NULL,NULL,NULL,NULL,NULL,'defausse'),(120,NULL,NULL,NULL,NULL,NULL,NULL,NULL,NULL,NULL,NULL,NULL,NULL,NULL,NULL,NULL,NULL,'defausse'),(121,NULL,NULL,NULL,NULL,NULL,NULL,NULL,NULL,NULL,NULL,NULL,NULL,NULL,NULL,NULL,NULL,'defausse'),(122,NULL,NULL,NULL,NULL,NULL,NULL,NULL,NULL,NULL,NULL,NULL,NULL,NULL,1,1,5,'pioche'),(123,NULL,NULL,NULL,NULL,NULL,NULL,NULL,NULL,NULL,NULL,NULL,NULL,NULL,1,4,7,'defausse'),(124,NULL,NULL,NULL,NULL,NULL,NULL,8,1,2,4,3,5,6,2,4,7,'defausse'),(125,NULL,NULL,NULL,NULL,NULL,NULL,NULL,NULL,NULL,NULL,NULL,NULL,NULL,NULL,NULL,NULL,'defausse'),(126,NULL,NULL,NULL,NULL,NULL,NULL,NULL,1,1,6,4,1,1,5,8,4,'pioche'),(127,NULL,NULL,NULL,NULL,NULL,NULL,NULL,NULL,NULL,NULL,NULL,NULL,NULL,5,3,2,'defausse'),(128,NULL,NULL,NULL,NULL,NULL,NULL,NULL,NULL,NULL,NULL,NULL,NULL,NULL,NULL,1,3,'defausse'),(129,NULL,NULL,NULL,NULL,NULL,NULL,NULL,NULL,NULL,NULL,NULL,NULL,NULL,NULL,NULL,NULL,'defausse'),(130,NULL,NULL,NULL,NULL,1,2,5,1,6,1,5,2,3,4,7,1,'pioche'),(131,NULL,NULL,NULL,NULL,NULL,NULL,NULL,NULL,NULL,NULL,NULL,NULL,NULL,3,1,4,'defausse'),(132,NULL,NULL,NULL,NULL,NULL,NULL,NULL,NULL,NULL,NULL,NULL,NULL,NULL,NULL,NULL,NULL,'defausse'),(133,NULL,NULL,NULL,NULL,NULL,NULL,NULL,NULL,NULL,NULL,NULL,NULL,NULL,NULL,NULL,NULL,'defausse'),(134,NULL,NULL,NULL,NULL,8,1,4,7,1,5,2,6,5,4,1,3,'pioche'),(135,NULL,NULL,NULL,NULL,NULL,NULL,NULL,NULL,NULL,NULL,NULL,NULL,NULL,NULL,NULL,NULL,'defausse'),(136,NULL,NULL,NULL,NULL,NULL,NULL,NULL,NULL,NULL,NULL,NULL,NULL,NULL,NULL,NULL,NULL,'defausse'),(137,NULL,NULL,NULL,NULL,NULL,NULL,NULL,NULL,NULL,NULL,NULL,NULL,NULL,NULL,NULL,NULL,'defausse'),(138,NULL,NULL,NULL,NULL,NULL,NULL,NULL,NULL,NULL,NULL,NULL,NULL,NULL,NULL,NULL,NULL,'defausse'),(139,NULL,NULL,NULL,NULL,NULL,1,8,5,5,4,7,1,1,1,2,3,'pioche'),(140,NULL,NULL,NULL,NULL,NULL,NULL,NULL,NULL,NULL,NULL,NULL,NULL,NULL,NULL,NULL,NULL,'defausse'),(141,NULL,NULL,NULL,NULL,NULL,NULL,NULL,NULL,NULL,NULL,NULL,NULL,NULL,NULL,NULL,NULL,'defausse'),(142,NULL,NULL,NULL,NULL,NULL,NULL,NULL,NULL,NULL,NULL,NULL,NULL,NULL,NULL,NULL,NULL,'defausse'),(143,NULL,NULL,NULL,NULL,NULL,NULL,NULL,NULL,NULL,NULL,NULL,NULL,NULL,NULL,NULL,NULL,'defausse'),(144,NULL,NULL,NULL,NULL,NULL,2,7,1,3,5,6,1,4,3,4,1,'pioche'),(145,NULL,NULL,NULL,NULL,NULL,NULL,NULL,NULL,NULL,NULL,NULL,NULL,NULL,NULL,NULL,NULL,'defausse'),(146,NULL,NULL,NULL,NULL,NULL,NULL,NULL,NULL,NULL,NULL,NULL,NULL,NULL,NULL,NULL,NULL,'defausse'),(147,NULL,NULL,NULL,NULL,NULL,NULL,NULL,NULL,NULL,NULL,NULL,NULL,NULL,NULL,NULL,NULL,'defausse'),(148,NULL,NULL,NULL,NULL,NULL,NULL,NULL,NULL,NULL,NULL,NULL,NULL,NULL,NULL,NULL,NULL,'defausse'),(149,NULL,NULL,NULL,NULL,NULL,NULL,1,1,2,5,8,2,5,1,1,3,'pioche'),(150,NULL,NULL,NULL,NULL,NULL,NULL,NULL,NULL,NULL,NULL,NULL,NULL,NULL,NULL,NULL,NULL,'defausse'),(151,NULL,NULL,NULL,NULL,NULL,NULL,NULL,NULL,NULL,NULL,NULL,NULL,NULL,NULL,NULL,NULL,'defausse'),(152,NULL,NULL,NULL,NULL,NULL,NULL,NULL,NULL,NULL,NULL,NULL,NULL,NULL,NULL,NULL,NULL,'defausse'),(153,NULL,NULL,NULL,NULL,NULL,NULL,NULL,NULL,NULL,NULL,NULL,NULL,NULL,NULL,NULL,NULL,'defausse'),(154,NULL,NULL,NULL,NULL,NULL,NULL,NULL,NULL,NULL,NULL,NULL,NULL,NULL,NULL,NULL,NULL,'defausse'),(155,NULL,NULL,NULL,NULL,NULL,NULL,NULL,NULL,NULL,NULL,NULL,6,8,2,2,3,'pioche'),(156,NULL,NULL,NULL,NULL,NULL,NULL,NULL,NULL,NULL,NULL,NULL,NULL,NULL,NULL,NULL,NULL,'defausse'),(157,NULL,NULL,NULL,NULL,NULL,NULL,NULL,NULL,NULL,NULL,1,4,5,5,7,1,'defausse'),(158,NULL,NULL,NULL,NULL,NULL,NULL,NULL,NULL,NULL,NULL,NULL,NULL,NULL,NULL,NULL,NULL,'defausse'),(159,NULL,NULL,NULL,NULL,NULL,NULL,NULL,NULL,NULL,NULL,NULL,NULL,NULL,NULL,NULL,NULL,'defausse'),(160,NULL,NULL,NULL,NULL,NULL,NULL,NULL,NULL,NULL,NULL,NULL,NULL,NULL,NULL,NULL,1,'defausse'),(161,NULL,NULL,NULL,NULL,NULL,1,2,3,2,1,5,1,3,7,4,8,'pioche'),(162,NULL,NULL,NULL,NULL,NULL,NULL,NULL,NULL,NULL,NULL,NULL,NULL,NULL,NULL,NULL,NULL,'defausse'),(163,NULL,NULL,NULL,NULL,NULL,NULL,NULL,NULL,NULL,NULL,NULL,NULL,NULL,NULL,NULL,1,'defausse'),(164,NULL,NULL,NULL,NULL,NULL,NULL,NULL,NULL,NULL,NULL,NULL,NULL,NULL,NULL,NULL,1,'defausse'),(165,NULL,NULL,NULL,NULL,NULL,NULL,NULL,NULL,NULL,NULL,NULL,NULL,NULL,NULL,NULL,NULL,'pioche'),(166,NULL,NULL,NULL,NULL,NULL,NULL,NULL,NULL,NULL,NULL,NULL,NULL,NULL,NULL,NULL,NULL,'defausse'),(167,NULL,NULL,NULL,NULL,NULL,NULL,NULL,NULL,NULL,2,8,4,1,3,1,4,'defausse'),(168,NULL,NULL,NULL,NULL,NULL,NULL,NULL,NULL,NULL,NULL,1,2,7,3,5,1,'defausse'),(169,NULL,2,7,1,2,3,1,6,1,8,5,1,4,5,1,4,'pioche'),(170,NULL,NULL,NULL,NULL,NULL,NULL,NULL,NULL,NULL,NULL,NULL,NULL,NULL,NULL,NULL,NULL,'defausse'),(171,NULL,NULL,NULL,NULL,NULL,NULL,NULL,NULL,NULL,NULL,NULL,NULL,NULL,NULL,NULL,NULL,'defausse'),(172,NULL,NULL,NULL,NULL,NULL,NULL,NULL,NULL,NULL,NULL,NULL,NULL,NULL,NULL,NULL,NULL,'defausse'),(173,NULL,NULL,NULL,NULL,NULL,NULL,NULL,NULL,NULL,NULL,NULL,NULL,NULL,NULL,NULL,NULL,'pioche'),(174,NULL,NULL,NULL,NULL,NULL,NULL,NULL,NULL,NULL,NULL,NULL,NULL,NULL,6,8,4,'defausse'),(175,NULL,NULL,NULL,NULL,NULL,NULL,NULL,NULL,NULL,NULL,3,2,1,5,4,5,'defausse'),(176,NULL,NULL,NULL,NULL,NULL,NULL,NULL,NULL,NULL,NULL,1,1,7,1,8,2,'defausse'),(177,NULL,NULL,NULL,NULL,NULL,NULL,NULL,NULL,NULL,NULL,NULL,NULL,NULL,NULL,NULL,NULL,'pioche'),(178,NULL,NULL,NULL,NULL,NULL,NULL,NULL,NULL,NULL,NULL,NULL,NULL,NULL,1,1,4,'defausse'),(179,NULL,NULL,NULL,NULL,NULL,NULL,NULL,NULL,NULL,NULL,1,6,5,3,1,4,'defausse'),(180,NULL,NULL,NULL,NULL,NULL,NULL,NULL,NULL,NULL,NULL,NULL,3,2,5,2,1,'defausse'),(181,NULL,NULL,NULL,NULL,NULL,NULL,NULL,1,5,5,3,2,8,2,1,3,'pioche'),(182,NULL,NULL,NULL,NULL,NULL,NULL,NULL,NULL,NULL,NULL,NULL,NULL,NULL,7,1,4,'defausse'),(183,NULL,NULL,NULL,NULL,NULL,NULL,NULL,NULL,NULL,NULL,NULL,NULL,NULL,NULL,NULL,4,'defausse'),(184,NULL,NULL,NULL,NULL,NULL,NULL,NULL,NULL,NULL,NULL,NULL,NULL,NULL,NULL,NULL,1,'defausse'),(185,NULL,NULL,NULL,NULL,NULL,NULL,NULL,3,1,2,5,1,7,4,1,8,'pioche'),(186,NULL,NULL,NULL,NULL,NULL,NULL,NULL,NULL,NULL,NULL,NULL,NULL,NULL,2,3,6,'defausse'),(187,NULL,NULL,NULL,NULL,NULL,NULL,NULL,NULL,NULL,NULL,NULL,NULL,NULL,NULL,NULL,6,'defausse'),(188,NULL,NULL,NULL,NULL,NULL,NULL,NULL,NULL,NULL,NULL,NULL,NULL,NULL,NULL,NULL,3,'defausse'),(189,NULL,NULL,NULL,NULL,NULL,NULL,4,1,2,1,1,3,4,8,7,2,'pioche'),(190,NULL,NULL,NULL,NULL,NULL,NULL,NULL,NULL,NULL,NULL,NULL,NULL,NULL,5,1,1,'defausse'),(191,NULL,NULL,NULL,NULL,NULL,NULL,NULL,NULL,NULL,NULL,NULL,NULL,NULL,NULL,NULL,6,'defausse'),(192,NULL,NULL,NULL,NULL,NULL,NULL,NULL,NULL,NULL,NULL,NULL,NULL,NULL,NULL,NULL,NULL,'defausse'),(193,NULL,NULL,NULL,NULL,NULL,NULL,NULL,NULL,3,2,1,5,8,1,4,1,'pioche'),(194,NULL,NULL,NULL,NULL,NULL,NULL,NULL,NULL,NULL,NULL,NULL,NULL,NULL,5,1,7,'defausse'),(195,NULL,NULL,NULL,NULL,NULL,NULL,NULL,NULL,NULL,NULL,NULL,NULL,NULL,NULL,4,7,'defausse'),(196,NULL,NULL,NULL,NULL,NULL,NULL,NULL,NULL,NULL,NULL,NULL,NULL,NULL,NULL,6,1,'defausse'),(197,NULL,NULL,NULL,NULL,NULL,2,3,2,7,8,1,5,5,1,4,4,'pioche'),(198,NULL,NULL,NULL,NULL,NULL,NULL,NULL,NULL,NULL,NULL,NULL,NULL,NULL,1,1,1,'defausse'),(199,NULL,NULL,NULL,NULL,NULL,NULL,NULL,NULL,NULL,NULL,NULL,NULL,NULL,NULL,NULL,6,'defausse'),(200,NULL,NULL,NULL,NULL,NULL,NULL,NULL,NULL,NULL,NULL,NULL,NULL,NULL,NULL,NULL,NULL,'defausse'),(201,NULL,NULL,NULL,NULL,NULL,NULL,NULL,NULL,NULL,NULL,NULL,5,1,3,2,5,'pioche'),(202,NULL,NULL,NULL,NULL,NULL,NULL,NULL,NULL,NULL,NULL,NULL,NULL,NULL,1,1,8,'defausse'),(203,NULL,NULL,NULL,NULL,NULL,NULL,NULL,NULL,NULL,NULL,NULL,NULL,6,7,4,8,'defausse'),(204,NULL,NULL,NULL,NULL,NULL,NULL,NULL,NULL,NULL,NULL,NULL,NULL,NULL,3,1,2,'defausse'),(205,NULL,NULL,NULL,NULL,NULL,NULL,NULL,NULL,NULL,NULL,4,1,5,1,8,1,'pioche'),(206,NULL,NULL,NULL,NULL,NULL,NULL,NULL,NULL,NULL,NULL,NULL,NULL,NULL,5,7,2,'defausse'),(207,NULL,NULL,NULL,NULL,NULL,NULL,NULL,NULL,NULL,NULL,NULL,NULL,NULL,3,1,2,'defausse'),(208,NULL,NULL,NULL,NULL,NULL,NULL,NULL,NULL,NULL,NULL,NULL,NULL,NULL,6,4,3,'defausse'),(209,NULL,NULL,NULL,NULL,NULL,NULL,NULL,NULL,NULL,NULL,NULL,NULL,NULL,NULL,NULL,NULL,'pioche'),(210,NULL,NULL,NULL,NULL,NULL,NULL,NULL,NULL,NULL,NULL,NULL,NULL,NULL,1,3,3,'defausse'),(211,NULL,NULL,NULL,NULL,NULL,NULL,NULL,NULL,NULL,NULL,4,1,5,8,1,1,'defausse'),(212,NULL,NULL,NULL,NULL,NULL,NULL,NULL,NULL,NULL,NULL,6,2,7,3,4,2,'defausse'),(213,NULL,NULL,NULL,NULL,NULL,NULL,NULL,NULL,NULL,NULL,NULL,1,4,4,1,8,'pioche'),(214,NULL,NULL,NULL,NULL,NULL,NULL,NULL,NULL,NULL,NULL,NULL,NULL,NULL,1,3,1,'defausse'),(215,NULL,NULL,NULL,NULL,NULL,NULL,NULL,NULL,NULL,NULL,NULL,NULL,6,5,3,5,'defausse'),(216,NULL,NULL,NULL,NULL,NULL,NULL,NULL,NULL,NULL,NULL,NULL,NULL,NULL,2,7,1,'defausse'),(217,NULL,NULL,NULL,NULL,NULL,NULL,NULL,NULL,NULL,NULL,NULL,NULL,NULL,NULL,NULL,1,'pioche'),(218,NULL,NULL,NULL,NULL,NULL,NULL,NULL,NULL,NULL,NULL,NULL,NULL,NULL,5,5,1,'defausse'),(219,NULL,NULL,NULL,NULL,NULL,NULL,NULL,NULL,NULL,NULL,6,2,1,2,7,1,'defausse'),(220,NULL,NULL,NULL,NULL,NULL,NULL,NULL,NULL,NULL,NULL,NULL,1,3,4,4,8,'defausse'),(221,NULL,NULL,NULL,NULL,NULL,NULL,NULL,NULL,NULL,NULL,NULL,NULL,NULL,NULL,NULL,NULL,'pioche'),(222,NULL,NULL,NULL,NULL,NULL,NULL,NULL,NULL,NULL,NULL,NULL,NULL,NULL,1,1,2,'defausse'),(223,NULL,NULL,NULL,NULL,NULL,NULL,NULL,NULL,NULL,NULL,3,3,8,1,4,4,'defausse'),(224,NULL,NULL,NULL,NULL,NULL,NULL,NULL,NULL,NULL,NULL,7,5,2,5,1,1,'defausse'),(225,NULL,NULL,NULL,NULL,NULL,NULL,NULL,NULL,5,1,8,4,1,2,1,1,'pioche'),(226,NULL,NULL,NULL,NULL,NULL,NULL,NULL,NULL,NULL,NULL,NULL,NULL,NULL,3,3,7,'defausse'),(227,NULL,NULL,NULL,NULL,NULL,NULL,NULL,NULL,NULL,NULL,NULL,NULL,NULL,NULL,6,1,'defausse'),(228,NULL,NULL,NULL,NULL,NULL,NULL,NULL,NULL,NULL,NULL,NULL,NULL,NULL,NULL,NULL,2,'defausse'),(229,NULL,NULL,NULL,NULL,NULL,NULL,NULL,NULL,1,8,1,2,3,4,1,5,'pioche'),(230,NULL,NULL,NULL,NULL,NULL,NULL,NULL,NULL,NULL,NULL,NULL,NULL,NULL,2,4,1,'defausse'),(231,NULL,NULL,NULL,NULL,NULL,NULL,NULL,NULL,NULL,NULL,NULL,NULL,NULL,NULL,7,5,'defausse'),(232,NULL,NULL,NULL,NULL,NULL,NULL,NULL,NULL,NULL,NULL,NULL,NULL,NULL,NULL,6,1,'defausse'),(233,NULL,NULL,NULL,NULL,NULL,NULL,NULL,NULL,NULL,NULL,NULL,NULL,NULL,NULL,NULL,NULL,'pioche'),(234,NULL,NULL,NULL,NULL,NULL,NULL,NULL,NULL,NULL,NULL,NULL,NULL,NULL,1,2,1,'defausse'),(235,NULL,NULL,NULL,NULL,NULL,NULL,NULL,NULL,NULL,NULL,5,4,3,3,8,7,'defausse'),(236,NULL,NULL,NULL,NULL,NULL,NULL,NULL,NULL,NULL,NULL,NULL,1,1,5,2,4,'defausse'),(237,NULL,NULL,NULL,NULL,NULL,NULL,NULL,NULL,NULL,1,5,4,1,1,8,2,'pioche'),(238,NULL,NULL,NULL,NULL,NULL,NULL,NULL,NULL,NULL,NULL,NULL,NULL,NULL,1,3,2,'defausse'),(239,NULL,NULL,NULL,NULL,NULL,NULL,NULL,NULL,NULL,NULL,NULL,NULL,NULL,6,3,4,'defausse'),(240,NULL,NULL,NULL,NULL,NULL,NULL,NULL,NULL,NULL,NULL,NULL,NULL,NULL,NULL,5,7,'defausse'),(241,NULL,NULL,NULL,NULL,NULL,NULL,NULL,1,8,5,1,2,3,1,7,4,'pioche'),(242,NULL,NULL,NULL,NULL,NULL,NULL,NULL,NULL,NULL,NULL,NULL,NULL,NULL,5,2,4,'defausse'),(243,NULL,NULL,NULL,NULL,NULL,NULL,NULL,NULL,NULL,NULL,NULL,NULL,NULL,NULL,6,1,'defausse'),(244,NULL,NULL,NULL,NULL,NULL,NULL,NULL,NULL,NULL,NULL,NULL,NULL,NULL,NULL,NULL,1,'defausse'),(245,NULL,NULL,NULL,NULL,NULL,NULL,NULL,NULL,NULL,NULL,NULL,NULL,NULL,7,2,3,'pioche'),(246,NULL,NULL,NULL,NULL,NULL,NULL,NULL,NULL,NULL,NULL,NULL,NULL,NULL,1,2,1,'defausse'),(247,NULL,NULL,NULL,NULL,NULL,NULL,NULL,NULL,NULL,NULL,NULL,6,3,1,5,8,'defausse'),(248,NULL,NULL,NULL,NULL,NULL,NULL,NULL,NULL,NULL,NULL,NULL,NULL,4,5,4,1,'defausse'),(249,NULL,NULL,NULL,NULL,NULL,NULL,NULL,NULL,5,1,1,3,4,3,8,1,'pioche'),(250,NULL,NULL,NULL,NULL,NULL,NULL,NULL,NULL,NULL,NULL,NULL,NULL,NULL,7,4,1,'defausse'),(251,NULL,NULL,NULL,NULL,NULL,NULL,NULL,NULL,NULL,NULL,NULL,NULL,NULL,NULL,1,1,'defausse'),(252,NULL,NULL,NULL,NULL,NULL,NULL,NULL,NULL,NULL,NULL,NULL,NULL,NULL,NULL,6,5,'defausse'),(253,NULL,NULL,NULL,NULL,NULL,NULL,NULL,NULL,NULL,1,2,1,1,5,1,2,'pioche'),(254,NULL,NULL,NULL,NULL,NULL,NULL,NULL,NULL,NULL,NULL,NULL,NULL,NULL,5,8,3,'defausse'),(255,NULL,NULL,NULL,NULL,NULL,NULL,NULL,NULL,NULL,NULL,NULL,NULL,NULL,6,1,3,'defausse'),(256,NULL,NULL,NULL,NULL,NULL,NULL,NULL,NULL,NULL,NULL,NULL,NULL,NULL,NULL,4,7,'defausse'),(257,NULL,NULL,NULL,NULL,NULL,NULL,NULL,1,1,5,1,8,4,2,3,1,'pioche'),(258,NULL,NULL,NULL,NULL,NULL,NULL,NULL,NULL,NULL,NULL,NULL,NULL,NULL,6,2,4,'defausse'),(259,NULL,NULL,NULL,NULL,NULL,NULL,NULL,NULL,NULL,NULL,NULL,NULL,NULL,NULL,NULL,3,'defausse'),(260,NULL,NULL,NULL,NULL,NULL,NULL,NULL,NULL,NULL,NULL,NULL,NULL,NULL,NULL,NULL,1,'defausse'),(261,NULL,NULL,NULL,NULL,NULL,NULL,NULL,NULL,NULL,NULL,NULL,NULL,NULL,NULL,NULL,NULL,'pioche'),(262,NULL,NULL,NULL,NULL,NULL,NULL,NULL,NULL,NULL,NULL,NULL,NULL,NULL,8,1,1,'defausse'),(263,NULL,NULL,NULL,NULL,NULL,NULL,NULL,NULL,NULL,NULL,7,5,4,2,1,1,'defausse'),(264,NULL,NULL,NULL,NULL,NULL,NULL,NULL,NULL,NULL,NULL,6,4,1,1,3,2,'defausse'),(265,NULL,NULL,NULL,NULL,NULL,NULL,NULL,NULL,NULL,NULL,NULL,NULL,NULL,NULL,NULL,NULL,'pioche'),(266,NULL,NULL,NULL,NULL,NULL,NULL,NULL,NULL,NULL,NULL,NULL,NULL,NULL,3,1,5,'defausse'),(267,NULL,NULL,NULL,NULL,NULL,NULL,NULL,NULL,NULL,1,1,7,3,1,5,6,'defausse'),(268,NULL,NULL,NULL,NULL,NULL,NULL,NULL,NULL,NULL,NULL,NULL,2,8,5,1,1,'defausse'),(269,NULL,NULL,NULL,NULL,NULL,NULL,NULL,NULL,NULL,NULL,NULL,NULL,NULL,NULL,NULL,NULL,'pioche'),(270,NULL,NULL,NULL,NULL,NULL,NULL,NULL,NULL,NULL,NULL,NULL,NULL,NULL,6,1,1,'defausse'),(271,NULL,NULL,NULL,NULL,NULL,NULL,NULL,NULL,NULL,NULL,1,5,2,4,1,7,'defausse'),(272,NULL,NULL,NULL,NULL,NULL,NULL,NULL,NULL,NULL,NULL,NULL,1,4,5,8,3,'defausse'),(273,NULL,NULL,NULL,NULL,NULL,NULL,NULL,NULL,NULL,NULL,NULL,NULL,NULL,1,2,3,'pioche'),(274,NULL,NULL,NULL,NULL,NULL,NULL,NULL,NULL,NULL,NULL,NULL,NULL,NULL,1,2,5,'defausse'),(275,NULL,NULL,NULL,NULL,NULL,NULL,NULL,NULL,NULL,NULL,NULL,NULL,7,1,5,1,'defausse'),(276,NULL,NULL,NULL,NULL,NULL,NULL,NULL,NULL,NULL,NULL,NULL,NULL,6,3,4,8,'defausse'),(277,NULL,NULL,NULL,NULL,NULL,NULL,NULL,NULL,NULL,NULL,NULL,NULL,NULL,NULL,NULL,NULL,'pioche'),(278,NULL,NULL,NULL,NULL,NULL,NULL,NULL,NULL,NULL,NULL,NULL,NULL,NULL,4,1,2,'defausse'),(279,NULL,NULL,NULL,NULL,NULL,NULL,NULL,NULL,NULL,NULL,3,4,1,3,6,1,'defausse'),(280,NULL,NULL,NULL,NULL,NULL,NULL,NULL,NULL,NULL,NULL,7,5,1,2,1,8,'defausse'),(281,NULL,NULL,NULL,NULL,NULL,NULL,NULL,NULL,NULL,NULL,NULL,NULL,NULL,NULL,NULL,NULL,'pioche'),(282,NULL,NULL,NULL,NULL,NULL,NULL,NULL,NULL,NULL,NULL,NULL,NULL,NULL,8,1,1,'defausse'),(283,NULL,NULL,NULL,NULL,NULL,NULL,NULL,NULL,NULL,NULL,7,2,1,1,6,1,'defausse'),(284,NULL,NULL,NULL,NULL,NULL,NULL,NULL,NULL,NULL,NULL,1,3,5,4,5,2,'defausse'),(285,NULL,NULL,NULL,NULL,NULL,NULL,NULL,NULL,NULL,NULL,NULL,NULL,NULL,NULL,NULL,NULL,'pioche'),(286,NULL,NULL,NULL,NULL,NULL,NULL,NULL,NULL,NULL,NULL,NULL,NULL,NULL,4,3,5,'defausse'),(287,NULL,NULL,NULL,NULL,NULL,NULL,NULL,NULL,NULL,NULL,2,5,1,5,1,7,'defausse'),(288,NULL,NULL,NULL,NULL,NULL,NULL,NULL,NULL,NULL,NULL,2,4,3,1,3,8,'defausse'),(289,NULL,NULL,NULL,NULL,NULL,NULL,NULL,NULL,NULL,NULL,NULL,NULL,NULL,NULL,NULL,NULL,'pioche'),(290,NULL,NULL,NULL,NULL,NULL,NULL,NULL,NULL,NULL,NULL,NULL,NULL,NULL,1,8,1,'defausse'),(291,NULL,NULL,NULL,NULL,NULL,NULL,NULL,NULL,3,1,5,2,7,6,2,4,'defausse'),(292,NULL,NULL,NULL,NULL,NULL,NULL,NULL,NULL,NULL,NULL,NULL,NULL,8,1,3,1,'defausse'),(293,NULL,NULL,NULL,NULL,NULL,NULL,NULL,NULL,NULL,NULL,NULL,NULL,NULL,NULL,NULL,NULL,'pioche'),(294,NULL,NULL,NULL,NULL,NULL,NULL,NULL,NULL,NULL,NULL,NULL,NULL,NULL,2,6,3,'defausse'),(295,NULL,NULL,NULL,NULL,NULL,NULL,NULL,NULL,NULL,7,3,4,2,5,1,1,'defausse'),(296,NULL,NULL,NULL,NULL,NULL,NULL,NULL,NULL,NULL,NULL,NULL,1,1,8,5,6,'defausse'),(297,NULL,NULL,NULL,NULL,NULL,NULL,NULL,NULL,NULL,NULL,NULL,NULL,NULL,NULL,NULL,NULL,'pioche'),(298,NULL,NULL,NULL,NULL,NULL,NULL,NULL,NULL,NULL,NULL,NULL,NULL,NULL,8,3,4,'defausse'),(299,NULL,NULL,NULL,NULL,NULL,NULL,NULL,NULL,NULL,5,4,6,1,3,1,1,'defausse'),(300,NULL,NULL,NULL,NULL,NULL,NULL,NULL,NULL,NULL,NULL,NULL,1,5,2,2,7,'defausse'),(301,NULL,NULL,NULL,NULL,NULL,NULL,NULL,NULL,NULL,NULL,NULL,NULL,NULL,NULL,NULL,NULL,'pioche'),(302,NULL,NULL,NULL,NULL,NULL,NULL,NULL,NULL,NULL,NULL,NULL,NULL,NULL,3,2,2,'defausse'),(303,NULL,NULL,NULL,NULL,NULL,NULL,NULL,NULL,NULL,NULL,7,5,2,8,1,4,'defausse'),(304,NULL,NULL,NULL,NULL,NULL,NULL,NULL,NULL,NULL,NULL,1,2,3,4,6,1,'defausse'),(305,NULL,NULL,NULL,NULL,NULL,NULL,NULL,2,8,3,4,5,2,1,1,3,'pioche'),(306,NULL,NULL,NULL,NULL,NULL,NULL,NULL,NULL,NULL,NULL,NULL,NULL,NULL,1,5,1,'defausse'),(307,NULL,NULL,NULL,NULL,NULL,NULL,NULL,NULL,NULL,NULL,NULL,NULL,NULL,NULL,NULL,NULL,'defausse'),(308,NULL,NULL,NULL,NULL,NULL,NULL,NULL,NULL,NULL,NULL,NULL,NULL,NULL,NULL,NULL,6,'defausse'),(309,NULL,NULL,NULL,NULL,NULL,NULL,NULL,NULL,NULL,NULL,NULL,NULL,NULL,NULL,NULL,NULL,'pioche'),(310,NULL,NULL,NULL,NULL,NULL,NULL,NULL,NULL,NULL,NULL,NULL,NULL,NULL,1,1,1,'defausse'),(311,NULL,NULL,NULL,NULL,NULL,NULL,NULL,NULL,NULL,5,8,4,6,7,1,1,'defausse'),(312,NULL,NULL,NULL,NULL,NULL,NULL,NULL,NULL,NULL,NULL,NULL,1,5,3,2,1,'defausse'),(313,NULL,NULL,NULL,NULL,NULL,NULL,NULL,NULL,NULL,NULL,NULL,NULL,NULL,NULL,NULL,NULL,'pioche'),(314,NULL,NULL,NULL,NULL,NULL,NULL,NULL,NULL,NULL,NULL,NULL,NULL,NULL,3,4,1,'defausse'),(315,NULL,NULL,NULL,NULL,NULL,NULL,NULL,NULL,NULL,NULL,1,5,5,8,1,4,'defausse'),(316,NULL,NULL,NULL,NULL,NULL,NULL,NULL,NULL,NULL,NULL,1,3,2,2,6,4,'defausse'),(317,NULL,NULL,NULL,NULL,NULL,NULL,NULL,NULL,NULL,NULL,NULL,NULL,NULL,NULL,NULL,NULL,'pioche'),(318,NULL,NULL,NULL,NULL,NULL,NULL,NULL,NULL,NULL,NULL,NULL,NULL,NULL,2,1,3,'defausse'),(319,NULL,NULL,NULL,NULL,NULL,NULL,NULL,NULL,NULL,4,1,4,3,1,5,7,'defausse'),(320,NULL,NULL,NULL,NULL,NULL,NULL,NULL,NULL,NULL,NULL,NULL,5,8,3,6,1,'defausse'),(321,NULL,NULL,NULL,NULL,NULL,NULL,NULL,NULL,NULL,NULL,NULL,NULL,NULL,NULL,NULL,NULL,'pioche'),(322,NULL,NULL,NULL,NULL,NULL,NULL,NULL,NULL,NULL,NULL,NULL,NULL,NULL,4,3,2,'defausse'),(323,NULL,NULL,NULL,NULL,NULL,NULL,NULL,NULL,NULL,1,6,1,7,2,4,1,'defausse'),(324,NULL,NULL,NULL,NULL,NULL,NULL,NULL,NULL,NULL,NULL,NULL,5,1,3,8,5,'defausse'),(325,NULL,NULL,NULL,NULL,NULL,NULL,NULL,NULL,NULL,NULL,NULL,NULL,NULL,NULL,NULL,NULL,'pioche'),(326,NULL,NULL,NULL,NULL,NULL,NULL,NULL,NULL,NULL,NULL,NULL,NULL,NULL,1,3,3,'defausse'),(327,NULL,NULL,NULL,NULL,NULL,NULL,NULL,NULL,NULL,2,1,6,7,3,5,1,'defausse'),(328,NULL,NULL,NULL,NULL,NULL,NULL,NULL,NULL,NULL,NULL,NULL,1,4,1,2,3,'defausse'),(329,NULL,NULL,NULL,NULL,NULL,NULL,NULL,NULL,NULL,NULL,NULL,NULL,NULL,NULL,NULL,NULL,'pioche'),(330,NULL,NULL,NULL,NULL,NULL,NULL,NULL,NULL,NULL,NULL,NULL,NULL,NULL,1,5,1,'defausse'),(331,NULL,NULL,NULL,NULL,NULL,NULL,NULL,NULL,NULL,NULL,8,7,2,5,4,4,'defausse'),(332,NULL,NULL,NULL,NULL,NULL,NULL,NULL,NULL,NULL,NULL,1,3,3,1,1,6,'defausse'),(333,NULL,NULL,NULL,NULL,NULL,NULL,NULL,NULL,NULL,NULL,NULL,NULL,NULL,NULL,NULL,NULL,'pioche'),(334,NULL,NULL,NULL,NULL,NULL,NULL,NULL,NULL,NULL,NULL,NULL,NULL,NULL,7,3,1,'defausse'),(335,NULL,NULL,NULL,NULL,NULL,NULL,NULL,8,2,1,1,4,5,1,4,5,'defausse'),(336,NULL,NULL,NULL,NULL,NULL,NULL,NULL,NULL,NULL,NULL,NULL,NULL,NULL,1,3,6,'defausse'),(337,NULL,NULL,NULL,NULL,NULL,NULL,NULL,NULL,NULL,NULL,NULL,NULL,NULL,NULL,NULL,NULL,'pioche'),(338,NULL,NULL,NULL,NULL,NULL,NULL,NULL,NULL,NULL,NULL,NULL,NULL,NULL,7,4,1,'defausse'),(339,NULL,NULL,NULL,NULL,NULL,NULL,NULL,NULL,NULL,5,6,1,1,3,3,2,'defausse'),(340,NULL,NULL,NULL,NULL,NULL,NULL,NULL,NULL,NULL,NULL,NULL,2,5,1,4,4,'defausse'),(341,NULL,NULL,NULL,NULL,NULL,NULL,NULL,NULL,NULL,NULL,NULL,NULL,NULL,NULL,NULL,NULL,'pioche'),(342,NULL,NULL,NULL,NULL,NULL,NULL,NULL,NULL,NULL,NULL,NULL,NULL,NULL,2,1,3,'defausse'),(343,NULL,NULL,NULL,NULL,NULL,NULL,NULL,NULL,NULL,NULL,4,6,5,7,1,8,'defausse'),(344,NULL,NULL,NULL,NULL,NULL,NULL,NULL,NULL,NULL,NULL,1,1,3,1,5,2,'defausse'),(345,NULL,NULL,NULL,NULL,NULL,NULL,NULL,NULL,NULL,NULL,NULL,NULL,NULL,NULL,NULL,NULL,'pioche'),(346,NULL,NULL,NULL,NULL,NULL,NULL,NULL,NULL,NULL,NULL,NULL,NULL,NULL,1,4,1,'defausse'),(347,NULL,NULL,NULL,NULL,NULL,NULL,NULL,NULL,NULL,NULL,2,8,1,5,3,5,'defausse'),(348,NULL,NULL,NULL,NULL,NULL,NULL,NULL,NULL,NULL,NULL,NULL,6,3,1,4,4,'defausse'),(349,NULL,NULL,NULL,NULL,NULL,NULL,NULL,NULL,NULL,NULL,NULL,NULL,NULL,NULL,NULL,NULL,'pioche'),(350,NULL,NULL,NULL,NULL,NULL,NULL,NULL,NULL,NULL,NULL,NULL,NULL,NULL,2,1,3,'defausse'),(351,NULL,NULL,NULL,NULL,NULL,NULL,NULL,NULL,NULL,NULL,5,4,6,1,1,8,'defausse'),(352,NULL,NULL,NULL,NULL,NULL,NULL,NULL,NULL,NULL,NULL,3,7,4,2,1,1,'defausse'),(353,NULL,NULL,NULL,NULL,NULL,NULL,NULL,NULL,NULL,NULL,NULL,NULL,NULL,NULL,NULL,NULL,'pioche'),(354,NULL,NULL,NULL,NULL,NULL,NULL,NULL,NULL,NULL,NULL,NULL,NULL,NULL,1,3,3,'defausse'),(355,NULL,NULL,NULL,NULL,NULL,NULL,NULL,NULL,NULL,NULL,2,8,7,4,5,5,'defausse'),(356,NULL,NULL,NULL,NULL,NULL,NULL,NULL,NULL,NULL,NULL,1,1,3,1,4,6,'defausse'),(357,NULL,NULL,NULL,NULL,NULL,NULL,NULL,NULL,NULL,NULL,NULL,NULL,NULL,NULL,NULL,NULL,'pioche'),(358,NULL,NULL,NULL,NULL,NULL,NULL,NULL,NULL,NULL,NULL,NULL,NULL,NULL,6,5,1,'defausse'),(359,NULL,NULL,NULL,NULL,NULL,NULL,NULL,NULL,NULL,NULL,3,1,8,1,1,4,'defausse'),(360,NULL,NULL,NULL,NULL,NULL,NULL,NULL,NULL,NULL,NULL,1,4,5,2,7,3,'defausse'),(361,NULL,NULL,NULL,NULL,NULL,NULL,NULL,NULL,5,4,8,1,7,3,1,1,'pioche'),(362,NULL,NULL,NULL,NULL,NULL,NULL,NULL,NULL,NULL,NULL,NULL,NULL,NULL,5,3,2,'defausse'),(363,NULL,NULL,NULL,NULL,NULL,NULL,NULL,NULL,NULL,NULL,NULL,NULL,NULL,NULL,2,2,'defausse'),(364,NULL,NULL,NULL,NULL,NULL,NULL,NULL,NULL,NULL,NULL,NULL,NULL,NULL,NULL,6,3,'defausse'),(365,NULL,NULL,NULL,NULL,NULL,NULL,NULL,NULL,NULL,NULL,NULL,NULL,NULL,NULL,NULL,NULL,'pioche'),(366,NULL,NULL,NULL,NULL,NULL,NULL,NULL,NULL,NULL,NULL,NULL,NULL,NULL,1,4,4,'defausse'),(367,NULL,NULL,NULL,NULL,NULL,NULL,NULL,NULL,NULL,NULL,NULL,5,3,5,4,7,'defausse'),(368,NULL,NULL,NULL,NULL,NULL,NULL,NULL,NULL,NULL,3,2,6,1,2,1,1,'defausse'),(369,NULL,NULL,NULL,NULL,NULL,NULL,NULL,NULL,NULL,NULL,NULL,NULL,NULL,NULL,NULL,NULL,'pioche'),(370,NULL,NULL,NULL,NULL,NULL,NULL,NULL,NULL,NULL,NULL,NULL,NULL,NULL,2,6,3,'defausse'),(371,NULL,NULL,NULL,NULL,NULL,NULL,NULL,NULL,NULL,NULL,1,7,1,4,8,1,'defausse'),(372,NULL,NULL,NULL,NULL,NULL,NULL,NULL,NULL,NULL,NULL,3,5,1,1,2,6,'defausse'),(373,NULL,NULL,NULL,NULL,NULL,NULL,NULL,NULL,NULL,NULL,NULL,NULL,NULL,NULL,NULL,NULL,'pioche'),(374,NULL,NULL,NULL,NULL,NULL,NULL,NULL,NULL,NULL,NULL,NULL,NULL,NULL,1,3,3,'defausse'),(375,NULL,NULL,NULL,NULL,NULL,NULL,NULL,NULL,NULL,4,2,6,5,8,2,3,'defausse'),(376,NULL,NULL,NULL,NULL,NULL,NULL,NULL,NULL,NULL,NULL,NULL,1,1,7,1,5,'defausse'),(377,NULL,NULL,NULL,NULL,NULL,NULL,NULL,NULL,NULL,NULL,NULL,NULL,NULL,NULL,NULL,NULL,'pioche'),(378,NULL,NULL,NULL,NULL,NULL,NULL,NULL,NULL,NULL,NULL,NULL,NULL,NULL,5,1,4,'defausse'),(379,NULL,NULL,NULL,NULL,NULL,NULL,NULL,NULL,NULL,NULL,8,1,6,3,1,1,'defausse'),(380,NULL,NULL,NULL,NULL,NULL,NULL,NULL,NULL,NULL,NULL,7,1,3,2,4,2,'defausse'),(381,NULL,NULL,NULL,NULL,NULL,NULL,NULL,NULL,NULL,NULL,NULL,NULL,NULL,NULL,NULL,NULL,'pioche'),(382,NULL,NULL,NULL,NULL,NULL,NULL,NULL,NULL,NULL,NULL,NULL,NULL,NULL,7,1,4,'defausse'),(383,NULL,NULL,NULL,NULL,NULL,NULL,NULL,NULL,NULL,NULL,8,1,2,1,3,6,'defausse'),(384,NULL,NULL,NULL,NULL,NULL,NULL,NULL,NULL,NULL,NULL,1,2,1,5,3,4,'defausse'),(385,NULL,NULL,NULL,NULL,NULL,NULL,NULL,NULL,NULL,NULL,NULL,NULL,NULL,NULL,NULL,NULL,'pioche'),(386,NULL,NULL,NULL,NULL,NULL,NULL,NULL,NULL,NULL,NULL,NULL,NULL,NULL,1,2,8,'defausse'),(387,NULL,NULL,NULL,NULL,NULL,NULL,NULL,NULL,NULL,NULL,3,1,5,3,8,2,'defausse'),(388,NULL,NULL,NULL,NULL,NULL,NULL,NULL,NULL,NULL,NULL,5,7,1,6,1,2,'defausse'),(389,NULL,NULL,NULL,NULL,NULL,NULL,NULL,NULL,NULL,NULL,NULL,NULL,NULL,NULL,NULL,NULL,'pioche'),(390,NULL,NULL,NULL,NULL,NULL,NULL,NULL,NULL,NULL,NULL,NULL,NULL,NULL,1,4,1,'defausse'),(391,NULL,NULL,NULL,NULL,NULL,NULL,NULL,NULL,NULL,NULL,NULL,5,6,2,1,1,'defausse'),(392,NULL,NULL,NULL,NULL,NULL,NULL,NULL,NULL,NULL,8,3,1,4,2,4,7,'defausse'),(393,NULL,NULL,NULL,NULL,NULL,NULL,NULL,NULL,NULL,NULL,NULL,NULL,NULL,NULL,NULL,NULL,'pioche'),(394,NULL,NULL,NULL,NULL,NULL,NULL,NULL,NULL,NULL,NULL,NULL,NULL,NULL,3,2,8,'defausse'),(395,NULL,NULL,NULL,NULL,NULL,NULL,NULL,NULL,NULL,NULL,1,2,8,1,1,1,'defausse'),(396,NULL,NULL,NULL,NULL,NULL,NULL,NULL,NULL,NULL,NULL,3,5,4,5,1,2,'defausse'),(397,NULL,NULL,NULL,NULL,NULL,NULL,NULL,NULL,NULL,NULL,NULL,NULL,NULL,NULL,NULL,NULL,'pioche'),(398,NULL,NULL,NULL,NULL,NULL,NULL,NULL,NULL,NULL,NULL,NULL,NULL,NULL,2,1,3,'defausse'),(399,NULL,NULL,NULL,NULL,NULL,NULL,NULL,NULL,NULL,NULL,1,6,4,7,8,3,'defausse'),(400,NULL,NULL,NULL,NULL,NULL,NULL,NULL,NULL,NULL,NULL,1,5,4,1,3,1,'defausse'),(401,NULL,NULL,NULL,NULL,NULL,NULL,NULL,NULL,NULL,NULL,NULL,NULL,NULL,NULL,NULL,NULL,'pioche'),(402,NULL,NULL,NULL,NULL,NULL,NULL,NULL,NULL,NULL,NULL,NULL,NULL,NULL,2,1,6,'defausse'),(403,NULL,NULL,NULL,NULL,NULL,NULL,NULL,NULL,NULL,NULL,1,3,2,6,3,4,'defausse'),(404,NULL,NULL,NULL,NULL,NULL,NULL,NULL,NULL,NULL,NULL,5,5,1,4,4,6,'defausse'),(405,NULL,NULL,NULL,NULL,NULL,NULL,NULL,NULL,NULL,NULL,NULL,NULL,NULL,NULL,NULL,NULL,'pioche'),(406,NULL,NULL,NULL,NULL,NULL,NULL,NULL,NULL,NULL,NULL,NULL,NULL,NULL,2,6,3,'defausse'),(407,NULL,NULL,NULL,NULL,NULL,NULL,NULL,NULL,NULL,NULL,1,2,1,7,1,4,'defausse'),(408,NULL,NULL,NULL,NULL,NULL,NULL,NULL,NULL,NULL,NULL,5,3,1,1,8,6,'defausse'),(409,NULL,NULL,NULL,NULL,NULL,NULL,NULL,NULL,NULL,NULL,NULL,NULL,NULL,NULL,NULL,NULL,'pioche'),(410,NULL,NULL,NULL,NULL,NULL,NULL,NULL,NULL,NULL,NULL,NULL,NULL,NULL,1,4,3,'defausse'),(411,NULL,NULL,NULL,NULL,NULL,NULL,NULL,NULL,NULL,NULL,3,1,8,2,5,6,'defausse'),(412,NULL,NULL,NULL,NULL,NULL,NULL,NULL,NULL,NULL,NULL,3,2,1,5,1,1,'defausse'),(413,NULL,NULL,NULL,NULL,NULL,NULL,NULL,NULL,NULL,NULL,NULL,NULL,NULL,NULL,NULL,NULL,'pioche'),(414,NULL,NULL,NULL,NULL,NULL,NULL,NULL,NULL,NULL,NULL,NULL,NULL,NULL,8,1,6,'defausse'),(415,NULL,NULL,NULL,NULL,NULL,NULL,NULL,NULL,NULL,NULL,5,1,2,5,1,1,'defausse'),(416,NULL,NULL,NULL,NULL,NULL,NULL,NULL,NULL,NULL,NULL,4,3,7,3,1,1,'defausse'),(417,NULL,NULL,NULL,NULL,NULL,NULL,NULL,NULL,NULL,NULL,NULL,NULL,NULL,NULL,NULL,NULL,'pioche'),(418,NULL,NULL,NULL,NULL,NULL,NULL,NULL,NULL,NULL,NULL,NULL,NULL,NULL,3,4,5,'defausse'),(419,NULL,NULL,NULL,NULL,NULL,NULL,NULL,NULL,NULL,NULL,2,1,4,1,7,1,'defausse'),(420,NULL,NULL,NULL,NULL,NULL,NULL,NULL,NULL,NULL,NULL,2,3,1,5,1,6,'defausse'),(421,NULL,NULL,NULL,NULL,NULL,NULL,NULL,NULL,NULL,NULL,NULL,NULL,NULL,NULL,NULL,NULL,'pioche'),(422,NULL,NULL,NULL,NULL,NULL,NULL,NULL,NULL,NULL,NULL,NULL,NULL,NULL,6,1,4,'defausse'),(423,NULL,NULL,NULL,NULL,NULL,NULL,NULL,NULL,NULL,NULL,1,8,1,4,5,7,'defausse'),(424,NULL,NULL,NULL,NULL,NULL,NULL,NULL,NULL,NULL,NULL,5,1,4,2,3,1,'defausse'),(425,NULL,NULL,NULL,NULL,NULL,NULL,NULL,NULL,NULL,NULL,NULL,NULL,NULL,NULL,NULL,NULL,'pioche'),(426,NULL,NULL,NULL,NULL,NULL,NULL,NULL,NULL,NULL,NULL,NULL,NULL,NULL,3,7,6,'defausse'),(427,NULL,NULL,NULL,NULL,NULL,NULL,NULL,NULL,NULL,NULL,1,5,1,6,8,1,'defausse'),(428,NULL,NULL,NULL,NULL,NULL,NULL,NULL,NULL,NULL,NULL,2,1,5,2,4,5,'defausse'),(429,NULL,NULL,NULL,NULL,NULL,NULL,NULL,NULL,NULL,NULL,NULL,NULL,NULL,NULL,NULL,NULL,'pioche'),(430,NULL,NULL,NULL,NULL,NULL,NULL,NULL,NULL,NULL,NULL,NULL,NULL,NULL,3,3,8,'defausse'),(431,NULL,NULL,NULL,NULL,NULL,NULL,NULL,NULL,NULL,7,4,3,5,1,8,5,'defausse'),(432,NULL,NULL,NULL,NULL,NULL,NULL,NULL,NULL,NULL,2,1,4,1,1,8,6,'defausse'),(433,NULL,NULL,NULL,NULL,NULL,NULL,NULL,NULL,NULL,NULL,NULL,NULL,NULL,NULL,NULL,NULL,'pioche'),(434,NULL,NULL,NULL,NULL,NULL,NULL,NULL,NULL,NULL,NULL,NULL,NULL,NULL,1,8,2,'defausse'),(435,NULL,NULL,NULL,NULL,NULL,NULL,NULL,NULL,NULL,NULL,1,5,3,1,2,1,'defausse'),(436,NULL,NULL,NULL,NULL,NULL,NULL,NULL,NULL,NULL,6,4,1,2,4,5,8,'defausse'),(437,NULL,NULL,NULL,NULL,NULL,NULL,NULL,NULL,NULL,NULL,NULL,NULL,NULL,NULL,NULL,NULL,'pioche'),(438,NULL,NULL,NULL,NULL,NULL,NULL,NULL,NULL,NULL,NULL,NULL,NULL,NULL,3,1,1,'defausse'),(439,NULL,NULL,NULL,NULL,NULL,NULL,NULL,NULL,NULL,NULL,NULL,5,1,4,8,1,'defausse'),(440,NULL,NULL,NULL,NULL,NULL,NULL,NULL,NULL,NULL,2,1,3,7,6,1,5,'defausse'),(441,NULL,NULL,NULL,NULL,NULL,NULL,NULL,NULL,NULL,NULL,NULL,NULL,NULL,NULL,NULL,NULL,'pioche'),(442,NULL,NULL,NULL,NULL,NULL,NULL,NULL,NULL,NULL,NULL,NULL,NULL,NULL,1,1,5,'defausse'),(443,NULL,NULL,NULL,NULL,NULL,NULL,NULL,NULL,NULL,NULL,2,5,1,7,6,5,'defausse'),(444,NULL,NULL,NULL,NULL,NULL,NULL,NULL,NULL,NULL,NULL,4,4,2,1,3,1,'defausse'),(445,NULL,NULL,NULL,NULL,NULL,NULL,NULL,NULL,NULL,NULL,NULL,NULL,NULL,NULL,NULL,NULL,'pioche'),(446,NULL,NULL,NULL,NULL,NULL,NULL,NULL,NULL,NULL,NULL,NULL,NULL,NULL,1,1,4,'defausse'),(447,NULL,NULL,NULL,NULL,NULL,NULL,NULL,NULL,NULL,7,2,3,2,4,5,1,'defausse'),(448,NULL,NULL,NULL,NULL,NULL,NULL,NULL,NULL,NULL,NULL,NULL,4,3,1,1,1,'defausse'),(449,NULL,NULL,NULL,NULL,NULL,NULL,NULL,NULL,NULL,NULL,NULL,NULL,NULL,NULL,NULL,NULL,'pioche'),(450,NULL,NULL,NULL,NULL,NULL,NULL,NULL,NULL,NULL,NULL,NULL,NULL,NULL,1,1,1,'defausse'),(451,NULL,NULL,NULL,NULL,NULL,NULL,7,7,5,7,3,7,2,1,6,7,'defausse'),(452,NULL,NULL,NULL,NULL,NULL,NULL,7,6,7,4,7,8,7,3,7,1,'defausse'),(453,NULL,NULL,NULL,NULL,NULL,NULL,NULL,NULL,NULL,NULL,NULL,NULL,NULL,NULL,NULL,NULL,'pioche'),(454,NULL,NULL,NULL,NULL,NULL,NULL,NULL,NULL,NULL,NULL,NULL,NULL,NULL,1,5,3,'defausse'),(455,NULL,NULL,NULL,NULL,3,7,5,7,7,7,1,7,6,1,7,2,'defausse'),(456,NULL,NULL,NULL,NULL,NULL,NULL,NULL,1,7,8,7,2,7,4,1,7,'defausse'),(457,NULL,NULL,NULL,NULL,NULL,7,1,2,8,3,1,4,3,1,2,1,'pioche'),(458,NULL,NULL,NULL,NULL,NULL,NULL,NULL,NULL,NULL,NULL,NULL,NULL,NULL,1,6,5,'defausse'),(459,NULL,NULL,NULL,NULL,NULL,NULL,NULL,NULL,NULL,NULL,NULL,NULL,NULL,NULL,NULL,4,'defausse'),(460,NULL,NULL,NULL,NULL,NULL,NULL,NULL,NULL,NULL,NULL,NULL,NULL,NULL,NULL,NULL,NULL,'defausse');
/*!40000 ALTER TABLE `piles` ENABLE KEYS */;
UNLOCK TABLES;

--
-- Table structure for table `players`
--

DROP TABLE IF EXISTS `players`;
/*!40101 SET @saved_cs_client     = @@character_set_client */;
/*!40101 SET character_set_client = utf8 */;
CREATE TABLE `players` (
  `idPlayer` int(11) NOT NULL AUTO_INCREMENT,
  `hand` int(11) DEFAULT NULL,
  `name` varchar(25) NOT NULL,
  `ready` tinyint(1) NOT NULL DEFAULT '0',
  `defausse` int(11) DEFAULT NULL,
  `playing` tinyint(1) NOT NULL DEFAULT '0',
  `protected` tinyint(1) NOT NULL DEFAULT '0',
  PRIMARY KEY (`idPlayer`),
  KEY `fk_hand` (`hand`),
  KEY `player_fk_defausse` (`defausse`),
  CONSTRAINT `fk_hand` FOREIGN KEY (`hand`) REFERENCES `hands` (`idHand`),
  CONSTRAINT `player_fk_defausse` FOREIGN KEY (`defausse`) REFERENCES `piles` (`idPile`)
) ENGINE=InnoDB AUTO_INCREMENT=9 DEFAULT CHARSET=latin1;
/*!40101 SET character_set_client = @saved_cs_client */;

--
-- Dumping data for table `players`
--

LOCK TABLES `players` WRITE;
/*!40000 ALTER TABLE `players` DISABLE KEYS */;
INSERT INTO `players` VALUES (2,239,'moi',1,459,0,1),(3,176,'lui',1,331,0,0),(4,175,'elle',1,332,0,0),(5,240,'toi',1,460,0,0);
/*!40000 ALTER TABLE `players` ENABLE KEYS */;
UNLOCK TABLES;
/*!40103 SET TIME_ZONE=@OLD_TIME_ZONE */;

/*!40101 SET SQL_MODE=@OLD_SQL_MODE */;
/*!40014 SET FOREIGN_KEY_CHECKS=@OLD_FOREIGN_KEY_CHECKS */;
/*!40014 SET UNIQUE_CHECKS=@OLD_UNIQUE_CHECKS */;
/*!40101 SET CHARACTER_SET_CLIENT=@OLD_CHARACTER_SET_CLIENT */;
/*!40101 SET CHARACTER_SET_RESULTS=@OLD_CHARACTER_SET_RESULTS */;
/*!40101 SET COLLATION_CONNECTION=@OLD_COLLATION_CONNECTION */;
/*!40111 SET SQL_NOTES=@OLD_SQL_NOTES */;

-- Dump completed on 2016-12-04 10:52:28
